,admin1Pcod_1,admin1Name_1,admin1Pcod_2,admin1Name_2,local_date_1,local_date_2,trip_num,tour_num,id_num,tour_traj_distance,trip_traj_distance,time_range,date_1,date_2,0_14_pct_1,15_64_pct_1,65p_pct_1,M_pct_1,Population_1,0_14_pct_2,15_64_pct_2,65p_pct_2,M_pct_2,Population_2,rwi_1,rwi_pctl_1,rwi_2,rwi_pctl_2,new_cases_1,new_cases_2,first_case,ban_travel,lockdown,lockdown_0,lockdown_1,lockdown_2,lockdown_3,lockdown_4,lockdown_5
57737,ZA4,Free State,ZA6,North West,2020-07-23,2020-07-23,98,96,95,23144647.923382822,7906582.397797359,976238,20200723,20200723,0.28114593899768064,0.6555271573171474,0.06332690368517199,0.4905192097314189,2663702.0,0.2828745421867569,0.6531826641385288,0.0639427936747143,0.5169154144355026,3885864.0,0.2248492570676798,0.7777777777777778,-0.04677388157695324,0.1111111111111111,1111.0,828.0,1,1,3,0,0,0,1,0,0
57738,ZA7,Gauteng,ZA5,KwaZulu-Natal,2020-07-23,2020-07-29,1,1,1,250360.27492198368,249488.86898533077,530211,20200723,20200729,0.22703936886350948,0.7223349844212468,0.050625646715243805,0.5123439321519871,14760167.0,0.3109682093283005,0.6320226943362347,0.05700909633546477,0.4797594466393526,10418811.0,0.6706237180439658,1.0,0.07735186107982292,0.5555555555555556,4272.0,3139.0,1,1,3,0,0,0,1,0,0
57739,ZA7,Gauteng,ZA8,Mpumalanga,2020-07-23,2020-07-24,13,13,13,4067747.1273472486,1815882.1738116443,664298,20200723,20200724,0.22703936886350948,0.7223349844212468,0.050625646715243805,0.5123439321519871,14760167.0,0.30219785415266165,0.6444398558234767,0.053362290023861565,0.4955341209781855,4547481.0,0.6706237180439658,1.0,0.0523010419666447,0.4444444444444444,4272.0,769.0,1,1,3,0,0,0,1,0,0
57741,ZA5,KwaZulu-Natal,ZA7,Gauteng,2020-07-23,2020-07-30,1,1,1,988403.7683604996,493878.3429900829,565408,20200723,20200730,0.3109682093283005,0.6320226943362347,0.05700909633546477,0.4797594466393526,10418811.0,0.22703936886350948,0.7223349844212468,0.050625646715243805,0.5123439321519871,14760167.0,0.07735186107982292,0.5555555555555556,0.6706237180439658,1.0,2885.0,3205.0,1,1,3,0,0,0,1,0,0
57742,ZA9,Limpopo,ZA8,Mpumalanga,2020-07-23,2020-07-23,143,138,135,33093676.264673192,12276518.539536657,1440637,20200723,20200723,0.3322212084583728,0.5982309127294063,0.06954787881222096,0.47107489302560024,5527257.0,0.30219785415266165,0.6444398558234767,0.053362290023861565,0.4955341209781855,4547481.0,-0.020299216875639643,0.3333333333333333,0.0523010419666447,0.4444444444444444,356.0,701.0,1,1,3,0,0,0,1,0,0
57743,ZA9,Limpopo,ZA7,Gauteng,2020-07-23,2020-07-23,146,146,140,83795209.10876365,36588611.73213661,2219988,20200723,20200723,0.3322212084583728,0.5982309127294063,0.06954787881222096,0.47107489302560024,5527257.0,0.22703936886350948,0.7223349844212468,0.050625646715243805,0.5123439321519871,14760167.0,-0.020299216875639643,0.3333333333333333,0.6706237180439658,1.0,356.0,4272.0,1,1,3,0,0,0,1,0,0
57745,ZA2,Eastern Cape,,,2020-07-23,2020-07-23,12,10,9,1002729.422835318,336237.9610043258,97020,20200723,20200723,0.32240858903092945,0.600977358291188,0.07661405267788246,0.47559015644122027,6510816.0,,,,,,-0.04666754827373582,0.2222222222222222,,,1627.0,,1,1,3,0,0,0,1,0,0
57746,ZA6,North West,ZA6,North West,2020-07-23,2020-07-23,14887,6947,4332,928241925.645788,169303690.38313505,63132779,20200723,20200723,0.2828745421867569,0.6531826641385288,0.0639427936747143,0.5169154144355026,3885864.0,0.2828745421867569,0.6531826641385288,0.0639427936747143,0.5169154144355026,3885864.0,-0.04677388157695324,0.1111111111111111,-0.04677388157695324,0.1111111111111111,828.0,828.0,1,1,3,0,0,0,1,0,0
57747,ZA2,Eastern Cape,ZA7,Gauteng,2020-07-23,2020-07-24,6,6,6,8079746.680169352,5040355.40554376,407423,20200723,20200724,0.32240858903092945,0.600977358291188,0.07661405267788246,0.47559015644122027,6510816.0,0.22703936886350948,0.7223349844212468,0.050625646715243805,0.5123439321519871,14760167.0,-0.04666754827373582,0.2222222222222222,0.6706237180439658,1.0,1627.0,4166.0,1,1,3,0,0,0,1,0,0
57748,ZA2,Eastern Cape,ZA2,Eastern Cape,2020-07-23,2020-07-23,21299,9798,6307,1064315840.7092077,232605569.19450983,96364715,20200723,20200723,0.32240858903092945,0.600977358291188,0.07661405267788246,0.47559015644122027,6510816.0,0.32240858903092945,0.600977358291188,0.07661405267788246,0.47559015644122027,6510816.0,-0.04666754827373582,0.2222222222222222,-0.04666754827373582,0.2222222222222222,1627.0,1627.0,1,1,3,0,0,0,1,0,0
57749,ZA8,Mpumalanga,ZA9,Limpopo,2020-07-23,2020-07-23,154,151,149,48174983.160553806,15213481.24045507,1842562,20200723,20200723,0.30219785415266165,0.6444398558234767,0.053362290023861565,0.4955341209781855,4547481.0,0.3322212084583728,0.5982309127294063,0.06954787881222096,0.47107489302560024,5527257.0,0.0523010419666447,0.4444444444444444,-0.020299216875639643,0.3333333333333333,701.0,356.0,1,1,3,0,0,0,1,0,0
57750,ZA6,North West,ZA9,Limpopo,2020-07-23,2020-07-24,2,2,2,366406.9150876263,93538.5270720289,99907,20200723,20200724,0.2828745421867569,0.6531826641385288,0.0639427936747143,0.5169154144355026,3885864.0,0.3322212084583728,0.5982309127294063,0.06954787881222096,0.47107489302560024,5527257.0,-0.04677388157695324,0.1111111111111111,-0.020299216875639643,0.3333333333333333,828.0,326.0,1,1,3,0,0,0,1,0,0
57751,ZA2,Eastern Cape,ZA5,KwaZulu-Natal,2020-07-23,2020-07-23,49,48,46,20512599.501879685,7872620.991444408,688783,20200723,20200723,0.32240858903092945,0.600977358291188,0.07661405267788246,0.47559015644122027,6510816.0,0.3109682093283005,0.6320226943362347,0.05700909633546477,0.4797594466393526,10418811.0,-0.04666754827373582,0.2222222222222222,0.07735186107982292,0.5555555555555556,1627.0,2885.0,1,1,3,0,0,0,1,0,0
57753,ZA2,Eastern Cape,ZA3,Nothern Cape,2020-07-23,2020-07-23,8,7,7,7563216.930004771,3576382.066269547,206110,20200723,20200723,0.32240858903092945,0.600977358291188,0.07661405267788246,0.47559015644122027,6510816.0,0.2905180543789262,0.6449880916225764,0.06449385399849747,0.5008080113808923,1251220.0,-0.04666754827373582,0.2222222222222222,0.09958456723393624,0.6666666666666666,1627.0,243.0,1,1,3,0,0,0,1,0,0
57754,ZA6,North West,ZA6,North West,2020-07-23,2020-07-24,954,954,954,29056742.45922074,7614097.486793512,35684714,20200723,20200724,0.2828745421867569,0.6531826641385288,0.0639427936747143,0.5169154144355026,3885864.0,0.2828745421867569,0.6531826641385288,0.0639427936747143,0.5169154144355026,3885864.0,-0.04677388157695324,0.1111111111111111,-0.04677388157695324,0.1111111111111111,828.0,647.0,1,1,3,0,0,0,1,0,0
57755,ZA9,Limpopo,ZA9,Limpopo,2020-07-23,2020-07-23,16095,7016,4587,1020075955.8953462,199921267.2973981,74998316,20200723,20200723,0.3322212084583728,0.5982309127294063,0.06954787881222096,0.47107489302560024,5527257.0,0.3322212084583728,0.5982309127294063,0.06954787881222096,0.47107489302560024,5527257.0,-0.020299216875639643,0.3333333333333333,-0.020299216875639643,0.3333333333333333,356.0,356.0,1,1,3,0,0,0,1,0,0
57756,ZA7,Gauteng,ZA5,KwaZulu-Natal,2020-07-23,2020-07-23,60,60,60,63223770.70568991,29377436.67733133,1300551,20200723,20200723,0.22703936886350948,0.7223349844212468,0.050625646715243805,0.5123439321519871,14760167.0,0.3109682093283005,0.6320226943362347,0.05700909633546477,0.4797594466393526,10418811.0,0.6706237180439658,1.0,0.07735186107982292,0.5555555555555556,4272.0,2885.0,1,1,3,0,0,0,1,0,0
57757,ZA6,North West,ZA4,Free State,2020-07-23,2020-07-23,104,103,102,21104434.538273152,8505061.660698382,1079264,20200723,20200723,0.2828745421867569,0.6531826641385288,0.0639427936747143,0.5169154144355026,3885864.0,0.28114593899768064,0.6555271573171474,0.06332690368517199,0.4905192097314189,2663702.0,-0.04677388157695324,0.1111111111111111,0.2248492570676798,0.7777777777777778,828.0,1111.0,1,1,3,0,0,0,1,0,0
57758,ZA9,Limpopo,ZA9,Limpopo,2020-07-23,2020-07-29,2,2,2,535103.69799053,7744.982596127647,1030699,20200723,20200729,0.3322212084583728,0.5982309127294063,0.06954787881222096,0.47107489302560024,5527257.0,0.3322212084583728,0.5982309127294063,0.06954787881222096,0.47107489302560024,5527257.0,-0.020299216875639643,0.3333333333333333,-0.020299216875639643,0.3333333333333333,356.0,338.0,1,1,3,0,0,0,1,0,0
57759,ZA8,Mpumalanga,ZA4,Free State,2020-07-23,2020-07-31,1,1,1,656287.8941659525,214094.55953001947,661276,20200723,20200731,0.30219785415266165,0.6444398558234767,0.053362290023861565,0.4955341209781855,4547481.0,0.28114593899768064,0.6555271573171474,0.06332690368517199,0.4905192097314189,2663702.0,0.0523010419666447,0.4444444444444444,0.2248492570676798,0.7777777777777778,701.0,864.0,1,1,3,0,0,0,1,0,0
57760,ZA1,Western Cape,ZA1,Western Cape,2020-07-23,2020-07-23,79791,37355,24436,3566812747.5378666,853962394.3178813,337373144,20200723,20200723,0.24146430881004144,0.6902282722160927,0.06830741897386587,0.4994387746892386,6898299.0,0.24146430881004144,0.6902282722160927,0.06830741897386587,0.4994387746892386,6898299.0,0.48495156727992644,0.8888888888888888,0.48495156727992644,0.8888888888888888,1081.0,1081.0,1,1,3,0,0,0,1,0,0
57761,ZA2,Eastern Cape,ZA2,Eastern Cape,2020-07-23,2020-07-24,1535,1535,1535,49808443.94165529,13462872.533593532,62616497,20200723,20200724,0.32240858903092945,0.600977358291188,0.07661405267788246,0.47559015644122027,6510816.0,0.32240858903092945,0.600977358291188,0.07661405267788246,0.47559015644122027,6510816.0,-0.04666754827373582,0.2222222222222222,-0.04666754827373582,0.2222222222222222,1627.0,1893.0,1,1,3,0,0,0,1,0,0
57762,ZA6,North West,ZA3,Nothern Cape,2020-07-23,2020-07-23,32,32,32,14103829.314181296,6001193.268613881,492426,20200723,20200723,0.2828745421867569,0.6531826641385288,0.0639427936747143,0.5169154144355026,3885864.0,0.2905180543789262,0.6449880916225764,0.06449385399849747,0.5008080113808923,1251220.0,-0.04677388157695324,0.1111111111111111,0.09958456723393624,0.6666666666666666,828.0,243.0,1,1,3,0,0,0,1,0,0
57763,ZA4,Free State,ZA3,Nothern Cape,2020-07-23,2020-07-23,48,46,43,19958614.67562717,6276030.519525792,431085,20200723,20200723,0.28114593899768064,0.6555271573171474,0.06332690368517199,0.4905192097314189,2663702.0,0.2905180543789262,0.6449880916225764,0.06449385399849747,0.5008080113808923,1251220.0,0.2248492570676798,0.7777777777777778,0.09958456723393624,0.6666666666666666,1111.0,243.0,1,1,3,0,0,0,1,0,0
57764,ZA8,Mpumalanga,ZA8,Mpumalanga,2020-07-23,2020-07-24,1299,1299,1299,46859826.36341816,13473591.238370432,50489793,20200723,20200724,0.30219785415266165,0.6444398558234767,0.053362290023861565,0.4955341209781855,4547481.0,0.30219785415266165,0.6444398558234767,0.053362290023861565,0.4955341209781855,4547481.0,0.0523010419666447,0.4444444444444444,0.0523010419666447,0.4444444444444444,701.0,769.0,1,1,3,0,0,0,1,0,0
57765,ZA6,North West,ZA7,Gauteng,2020-07-23,2020-07-23,530,524,514,121361785.35367386,46983819.54805248,5347867,20200723,20200723,0.2828745421867569,0.6531826641385288,0.0639427936747143,0.5169154144355026,3885864.0,0.22703936886350948,0.7223349844212468,0.050625646715243805,0.5123439321519871,14760167.0,-0.04677388157695324,0.1111111111111111,0.6706237180439658,1.0,828.0,4272.0,1,1,3,0,0,0,1,0,0
57766,ZA9,Limpopo,ZA6,North West,2020-07-23,2020-07-23,41,40,38,14659852.612065436,6286358.584409143,587470,20200723,20200723,0.3322212084583728,0.5982309127294063,0.06954787881222096,0.47107489302560024,5527257.0,0.2828745421867569,0.6531826641385288,0.0639427936747143,0.5169154144355026,3885864.0,-0.020299216875639643,0.3333333333333333,-0.04677388157695324,0.1111111111111111,356.0,828.0,1,1,3,0,0,0,1,0,0
57767,ZA7,Gauteng,ZA4,Free State,2020-07-23,2020-07-23,424,404,391,79483878.80261827,31128811.658672277,3491752,20200723,20200723,0.22703936886350948,0.7223349844212468,0.050625646715243805,0.5123439321519871,14760167.0,0.28114593899768064,0.6555271573171474,0.06332690368517199,0.4905192097314189,2663702.0,0.6706237180439658,1.0,0.2248492570676798,0.7777777777777778,4272.0,1111.0,1,1,3,0,0,0,1,0,0
57768,ZA4,Free State,ZA2,Eastern Cape,2020-07-23,2020-07-23,25,25,25,11745167.930151936,5297587.095708074,347271,20200723,20200723,0.28114593899768064,0.6555271573171474,0.06332690368517199,0.4905192097314189,2663702.0,0.32240858903092945,0.600977358291188,0.07661405267788246,0.47559015644122027,6510816.0,0.2248492570676798,0.7777777777777778,-0.04666754827373582,0.2222222222222222,1111.0,1627.0,1,1,3,0,0,0,1,0,0
57769,ZA1,Western Cape,ZA5,KwaZulu-Natal,2020-07-23,2020-07-24,1,1,1,2562636.9901799136,1278548.3599853057,49592,20200723,20200724,0.24146430881004144,0.6902282722160927,0.06830741897386587,0.4994387746892386,6898299.0,0.3109682093283005,0.6320226943362347,0.05700909633546477,0.4797594466393526,10418811.0,0.48495156727992644,0.8888888888888888,0.07735186107982292,0.5555555555555556,1081.0,3756.0,1,1,3,0,0,0,1,0,0
57770,ZA1,Western Cape,ZA1,Western Cape,2020-07-23,2020-07-24,4653,4653,4653,114984796.49569568,46118139.16053278,168169243,20200723,20200724,0.24146430881004144,0.6902282722160927,0.06830741897386587,0.4994387746892386,6898299.0,0.24146430881004144,0.6902282722160927,0.06830741897386587,0.4994387746892386,6898299.0,0.48495156727992644,0.8888888888888888,0.48495156727992644,0.8888888888888888,1081.0,1083.0,1,1,3,0,0,0,1,0,0
57771,ZA1,Western Cape,ZA1,Western Cape,2020-07-23,2020-07-28,4,4,4,1050455.7992645125,364293.2489436576,1696862,20200723,20200728,0.24146430881004144,0.6902282722160927,0.06830741897386587,0.4994387746892386,6898299.0,0.24146430881004144,0.6902282722160927,0.06830741897386587,0.4994387746892386,6898299.0,0.48495156727992644,0.8888888888888888,0.48495156727992644,0.8888888888888888,1081.0,383.0,1,1,3,0,0,0,1,0,0
57772,ZA5,KwaZulu-Natal,ZA5,KwaZulu-Natal,2020-07-23,2020-07-24,3008,3008,3008,79597783.26610802,24484999.03638773,113519487,20200723,20200724,0.3109682093283005,0.6320226943362347,0.05700909633546477,0.4797594466393526,10418811.0,0.3109682093283005,0.6320226943362347,0.05700909633546477,0.4797594466393526,10418811.0,0.07735186107982292,0.5555555555555556,0.07735186107982292,0.5555555555555556,2885.0,3756.0,1,1,3,0,0,0,1,0,0
57773,ZA3,Nothern Cape,ZA6,North West,2020-07-23,2020-07-23,36,36,36,17016755.862816714,5192938.39270164,450659,20200723,20200723,0.2905180543789262,0.6449880916225764,0.06449385399849747,0.5008080113808923,1251220.0,0.2828745421867569,0.6531826641385288,0.0639427936747143,0.5169154144355026,3885864.0,0.09958456723393624,0.6666666666666666,-0.04677388157695324,0.1111111111111111,243.0,828.0,1,1,3,0,0,0,1,0,0
57774,ZA9,Limpopo,ZA9,Limpopo,2020-07-23,2020-07-24,1175,1175,1174,39746273.61961759,10943093.185303092,45752413,20200723,20200724,0.3322212084583728,0.5982309127294063,0.06954787881222096,0.47107489302560024,5527257.0,0.3322212084583728,0.5982309127294063,0.06954787881222096,0.47107489302560024,5527257.0,-0.020299216875639643,0.3333333333333333,-0.020299216875639643,0.3333333333333333,356.0,326.0,1,1,3,0,0,0,1,0,0
57775,ZA8,Mpumalanga,ZA7,Gauteng,2020-07-23,2020-07-24,29,29,29,6385415.148989292,2428458.989103257,1081649,20200723,20200724,0.30219785415266165,0.6444398558234767,0.053362290023861565,0.4955341209781855,4547481.0,0.22703936886350948,0.7223349844212468,0.050625646715243805,0.5123439321519871,14760167.0,0.0523010419666447,0.4444444444444444,0.6706237180439658,1.0,701.0,4166.0,1,1,3,0,0,0,1,0,0
57776,ZA5,KwaZulu-Natal,ZA7,Gauteng,2020-07-23,2020-07-23,61,61,61,61725115.74152406,29664733.15264312,1478475,20200723,20200723,0.3109682093283005,0.6320226943362347,0.05700909633546477,0.4797594466393526,10418811.0,0.22703936886350948,0.7223349844212468,0.050625646715243805,0.5123439321519871,14760167.0,0.07735186107982292,0.5555555555555556,0.6706237180439658,1.0,2885.0,4272.0,1,1,3,0,0,0,1,0,0
57777,ZA2,Eastern Cape,ZA1,Western Cape,2020-07-23,2020-07-23,29,29,27,32750288.612619143,15593477.8590454,546272,20200723,20200723,0.32240858903092945,0.600977358291188,0.07661405267788246,0.47559015644122027,6510816.0,0.24146430881004144,0.6902282722160927,0.06830741897386587,0.4994387746892386,6898299.0,-0.04666754827373582,0.2222222222222222,0.48495156727992644,0.8888888888888888,1627.0,1081.0,1,1,3,0,0,0,1,0,0
57778,ZA8,Mpumalanga,ZA8,Mpumalanga,2020-07-23,2020-07-30,3,3,3,996883.5826934556,146411.46462675688,1771292,20200723,20200730,0.30219785415266165,0.6444398558234767,0.053362290023861565,0.4955341209781855,4547481.0,0.30219785415266165,0.6444398558234767,0.053362290023861565,0.4955341209781855,4547481.0,0.0523010419666447,0.4444444444444444,0.0523010419666447,0.4444444444444444,701.0,838.0,1,1,3,0,0,0,1,0,0
57779,ZA3,Nothern Cape,ZA4,Free State,2020-07-23,2020-07-23,48,45,42,26292066.934168745,6027015.767646193,522371,20200723,20200723,0.2905180543789262,0.6449880916225764,0.06449385399849747,0.5008080113808923,1251220.0,0.28114593899768064,0.6555271573171474,0.06332690368517199,0.4905192097314189,2663702.0,0.09958456723393624,0.6666666666666666,0.2248492570676798,0.7777777777777778,243.0,1111.0,1,1,3,0,0,0,1,0,0
57780,ZA4,Free State,ZA7,Gauteng,2020-07-23,2020-07-23,403,386,373,87370050.7847243,31305141.1002404,3257364,20200723,20200723,0.28114593899768064,0.6555271573171474,0.06332690368517199,0.4905192097314189,2663702.0,0.22703936886350948,0.7223349844212468,0.050625646715243805,0.5123439321519871,14760167.0,0.2248492570676798,0.7777777777777778,0.6706237180439658,1.0,1111.0,4272.0,1,1,3,0,0,0,1,0,0
57781,ZA7,Gauteng,ZA9,Limpopo,2020-07-23,2020-07-23,210,210,205,109335842.35554242,50779624.836043134,3456358,20200723,20200723,0.22703936886350948,0.7223349844212468,0.050625646715243805,0.5123439321519871,14760167.0,0.3322212084583728,0.5982309127294063,0.06954787881222096,0.47107489302560024,5527257.0,0.6706237180439658,1.0,-0.020299216875639643,0.3333333333333333,4272.0,356.0,1,1,3,0,0,0,1,0,0
57782,ZA4,Free State,ZA5,KwaZulu-Natal,2020-07-23,2020-07-23,45,41,40,28948441.84338708,10594538.887708915,684294,20200723,20200723,0.28114593899768064,0.6555271573171474,0.06332690368517199,0.4905192097314189,2663702.0,0.3109682093283005,0.6320226943362347,0.05700909633546477,0.4797594466393526,10418811.0,0.2248492570676798,0.7777777777777778,0.07735186107982292,0.5555555555555556,1111.0,2885.0,1,1,3,0,0,0,1,0,0
57783,ZA8,Mpumalanga,ZA8,Mpumalanga,2020-07-23,2020-07-23,19571,8829,5748,1106048021.0591836,227770234.5417662,85980134,20200723,20200723,0.30219785415266165,0.6444398558234767,0.053362290023861565,0.4955341209781855,4547481.0,0.30219785415266165,0.6444398558234767,0.053362290023861565,0.4955341209781855,4547481.0,0.0523010419666447,0.4444444444444444,0.0523010419666447,0.4444444444444444,701.0,701.0,1,1,3,0,0,0,1,0,0
57784,ZA1,Western Cape,ZA3,Nothern Cape,2020-07-23,2020-07-24,2,2,2,1032354.8850804956,766754.205963196,135194,20200723,20200724,0.24146430881004144,0.6902282722160927,0.06830741897386587,0.4994387746892386,6898299.0,0.2905180543789262,0.6449880916225764,0.06449385399849747,0.5008080113808923,1251220.0,0.48495156727992644,0.8888888888888888,0.09958456723393624,0.6666666666666666,1081.0,205.0,1,1,3,0,0,0,1,0,0
57785,ZA9,Limpopo,ZA4,Free State,2020-07-23,2020-07-23,4,4,4,4875645.963424346,2181125.7410653085,114176,20200723,20200723,0.3322212084583728,0.5982309127294063,0.06954787881222096,0.47107489302560024,5527257.0,0.28114593899768064,0.6555271573171474,0.06332690368517199,0.4905192097314189,2663702.0,-0.020299216875639643,0.3333333333333333,0.2248492570676798,0.7777777777777778,356.0,1111.0,1,1,3,0,0,0,1,0,0
57786,ZA7,Gauteng,ZA7,Gauteng,2020-07-23,2020-07-24,9251,9251,9251,212905368.438259,77107410.2843472,325636767,20200723,20200724,0.22703936886350948,0.7223349844212468,0.050625646715243805,0.5123439321519871,14760167.0,0.22703936886350948,0.7223349844212468,0.050625646715243805,0.5123439321519871,14760167.0,0.6706237180439658,1.0,0.6706237180439658,1.0,4272.0,4166.0,1,1,3,0,0,0,1,0,0
57787,ZA2,Eastern Cape,ZA2,Eastern Cape,2020-07-23,2020-07-25,5,5,5,2038461.7284180496,13742.25693542672,824408,20200723,20200725,0.32240858903092945,0.600977358291188,0.07661405267788246,0.47559015644122027,6510816.0,0.32240858903092945,0.600977358291188,0.07661405267788246,0.47559015644122027,6510816.0,-0.04666754827373582,0.2222222222222222,-0.04666754827373582,0.2222222222222222,1627.0,1434.0,1,1,3,0,0,0,1,0,0
57788,ZA3,Nothern Cape,ZA1,Western Cape,2020-07-23,2020-07-23,18,18,18,18008769.31084856,4677196.015599489,295597,20200723,20200723,0.2905180543789262,0.6449880916225764,0.06449385399849747,0.5008080113808923,1251220.0,0.24146430881004144,0.6902282722160927,0.06830741897386587,0.4994387746892386,6898299.0,0.09958456723393624,0.6666666666666666,0.48495156727992644,0.8888888888888888,243.0,1081.0,1,1,3,0,0,0,1,0,0
57789,ZA6,North West,ZA4,Free State,2020-07-23,2020-07-24,13,13,13,1544532.5020590017,700219.0552190774,357860,20200723,20200724,0.2828745421867569,0.6531826641385288,0.0639427936747143,0.5169154144355026,3885864.0,0.28114593899768064,0.6555271573171474,0.06332690368517199,0.4905192097314189,2663702.0,-0.04677388157695324,0.1111111111111111,0.2248492570676798,0.7777777777777778,828.0,1099.0,1,1,3,0,0,0,1,0,0
57790,ZA2,Eastern Cape,ZA7,Gauteng,2020-07-23,2020-07-23,14,14,14,21774277.066682383,11610541.673211807,403894,20200723,20200723,0.32240858903092945,0.600977358291188,0.07661405267788246,0.47559015644122027,6510816.0,0.22703936886350948,0.7223349844212468,0.050625646715243805,0.5123439321519871,14760167.0,-0.04666754827373582,0.2222222222222222,0.6706237180439658,1.0,1627.0,4272.0,1,1,3,0,0,0,1,0,0
57791,ZA7,Gauteng,ZA7,Gauteng,2020-07-23,2020-07-23,153861,71694,48794,6537488728.926575,1688877120.6433933,639863210,20200723,20200723,0.22703936886350948,0.7223349844212468,0.050625646715243805,0.5123439321519871,14760167.0,0.22703936886350948,0.7223349844212468,0.050625646715243805,0.5123439321519871,14760167.0,0.6706237180439658,1.0,0.6706237180439658,1.0,4272.0,4272.0,1,1,3,0,0,0,1,0,0
57792,ZA8,Mpumalanga,ZA4,Free State,2020-07-23,2020-07-23,20,20,20,13815386.18310045,4320942.563392146,331047,20200723,20200723,0.30219785415266165,0.6444398558234767,0.053362290023861565,0.4955341209781855,4547481.0,0.28114593899768064,0.6555271573171474,0.06332690368517199,0.4905192097314189,2663702.0,0.0523010419666447,0.4444444444444444,0.2248492570676798,0.7777777777777778,701.0,1111.0,1,1,3,0,0,0,1,0,0
57793,ZA3,Nothern Cape,ZA3,Nothern Cape,2020-07-23,2020-07-23,6151,2721,1713,500682028.4571887,80576039.62222694,28148508,20200723,20200723,0.2905180543789262,0.6449880916225764,0.06449385399849747,0.5008080113808923,1251220.0,0.2905180543789262,0.6449880916225764,0.06449385399849747,0.5008080113808923,1251220.0,0.09958456723393624,0.6666666666666666,0.09958456723393624,0.6666666666666666,243.0,243.0,1,1,3,0,0,0,1,0,0
57794,ZA4,Free State,ZA6,North West,2020-07-23,2020-07-24,4,4,4,578929.0918326565,173481.91746810416,92510,20200723,20200724,0.28114593899768064,0.6555271573171474,0.06332690368517199,0.4905192097314189,2663702.0,0.2828745421867569,0.6531826641385288,0.0639427936747143,0.5169154144355026,3885864.0,0.2248492570676798,0.7777777777777778,-0.04677388157695324,0.1111111111111111,1111.0,647.0,1,1,3,0,0,0,1,0,0
57795,ZA4,Free State,ZA7,Gauteng,2020-07-23,2020-07-24,24,24,24,3473790.9929035846,1657512.98466424,860990,20200723,20200724,0.28114593899768064,0.6555271573171474,0.06332690368517199,0.4905192097314189,2663702.0,0.22703936886350948,0.7223349844212468,0.050625646715243805,0.5123439321519871,14760167.0,0.2248492570676798,0.7777777777777778,0.6706237180439658,1.0,1111.0,4166.0,1,1,3,0,0,0,1,0,0
57796,ZA8,Mpumalanga,ZA6,North West,2020-07-23,2020-07-23,12,12,12,6971302.393948244,3657399.476089093,289374,20200723,20200723,0.30219785415266165,0.6444398558234767,0.053362290023861565,0.4955341209781855,4547481.0,0.2828745421867569,0.6531826641385288,0.0639427936747143,0.5169154144355026,3885864.0,0.0523010419666447,0.4444444444444444,-0.04677388157695324,0.1111111111111111,701.0,828.0,1,1,3,0,0,0,1,0,0
57797,ZA4,Free State,ZA4,Free State,2020-07-23,2020-07-24,1000,1000,1000,37520289.62791002,8971145.689663518,36946977,20200723,20200724,0.28114593899768064,0.6555271573171474,0.06332690368517199,0.4905192097314189,2663702.0,0.28114593899768064,0.6555271573171474,0.06332690368517199,0.4905192097314189,2663702.0,0.2248492570676798,0.7777777777777778,0.2248492570676798,0.7777777777777778,1111.0,1099.0,1,1,3,0,0,0,1,0,0
57798,ZA9,Limpopo,ZA9,Limpopo,2020-07-23,2020-07-25,6,6,6,3570024.6743258187,1295144.9766551864,884736,20200723,20200725,0.3322212084583728,0.5982309127294063,0.06954787881222096,0.47107489302560024,5527257.0,0.3322212084583728,0.5982309127294063,0.06954787881222096,0.47107489302560024,5527257.0,-0.020299216875639643,0.3333333333333333,-0.020299216875639643,0.3333333333333333,356.0,338.0,1,1,3,0,0,0,1,0,0
57799,ZA1,Western Cape,ZA2,Eastern Cape,2020-07-23,2020-07-23,24,24,22,25755979.37228033,12143930.26086566,530101,20200723,20200723,0.24146430881004144,0.6902282722160927,0.06830741897386587,0.4994387746892386,6898299.0,0.32240858903092945,0.600977358291188,0.07661405267788246,0.47559015644122027,6510816.0,0.48495156727992644,0.8888888888888888,-0.04666754827373582,0.2222222222222222,1081.0,1627.0,1,1,3,0,0,0,1,0,0
57800,ZA1,Western Cape,,,2020-07-23,2020-07-23,35,29,27,4765299.250265353,181457.84693907943,190380,20200723,20200723,0.24146430881004144,0.6902282722160927,0.06830741897386587,0.4994387746892386,6898299.0,,,,,,0.48495156727992644,0.8888888888888888,,,1081.0,,1,1,3,0,0,0,1,0,0
57802,ZA8,Mpumalanga,ZA7,Gauteng,2020-07-23,2020-07-23,404,402,396,115141343.4980464,47992012.4291809,4328863,20200723,20200723,0.30219785415266165,0.6444398558234767,0.053362290023861565,0.4955341209781855,4547481.0,0.22703936886350948,0.7223349844212468,0.050625646715243805,0.5123439321519871,14760167.0,0.0523010419666447,0.4444444444444444,0.6706237180439658,1.0,701.0,4272.0,1,1,3,0,0,0,1,0,0
57803,ZA7,Gauteng,ZA6,North West,2020-07-23,2020-07-24,40,40,40,7314008.659026058,1968483.2230195133,1425193,20200723,20200724,0.22703936886350948,0.7223349844212468,0.050625646715243805,0.5123439321519871,14760167.0,0.2828745421867569,0.6531826641385288,0.0639427936747143,0.5169154144355026,3885864.0,0.6706237180439658,1.0,-0.04677388157695324,0.1111111111111111,4272.0,647.0,1,1,3,0,0,0,1,0,0
57805,ZA5,KwaZulu-Natal,ZA2,Eastern Cape,2020-07-23,2020-07-24,4,4,4,2093573.5500678443,982129.5043858466,265670,20200723,20200724,0.3109682093283005,0.6320226943362347,0.05700909633546477,0.4797594466393526,10418811.0,0.32240858903092945,0.600977358291188,0.07661405267788246,0.47559015644122027,6510816.0,0.07735186107982292,0.5555555555555556,-0.04666754827373582,0.2222222222222222,2885.0,1893.0,1,1,3,0,0,0,1,0,0
57807,ZA6,North West,ZA7,Gauteng,2020-07-23,2020-07-24,56,56,56,8538842.579271168,3502046.948855521,1830736,20200723,20200724,0.2828745421867569,0.6531826641385288,0.0639427936747143,0.5169154144355026,3885864.0,0.22703936886350948,0.7223349844212468,0.050625646715243805,0.5123439321519871,14760167.0,-0.04677388157695324,0.1111111111111111,0.6706237180439658,1.0,828.0,4166.0,1,1,3,0,0,0,1,0,0
57808,ZA8,Mpumalanga,ZA9,Limpopo,2020-07-23,2020-07-24,17,17,17,3375740.185401591,1114054.6959274025,601094,20200723,20200724,0.30219785415266165,0.6444398558234767,0.053362290023861565,0.4955341209781855,4547481.0,0.3322212084583728,0.5982309127294063,0.06954787881222096,0.47107489302560024,5527257.0,0.0523010419666447,0.4444444444444444,-0.020299216875639643,0.3333333333333333,701.0,326.0,1,1,3,0,0,0,1,0,0
57809,ZA7,Gauteng,ZA2,Eastern Cape,2020-07-23,2020-07-23,14,14,14,22197554.30766279,11920021.789743058,380801,20200723,20200723,0.22703936886350948,0.7223349844212468,0.050625646715243805,0.5123439321519871,14760167.0,0.32240858903092945,0.600977358291188,0.07661405267788246,0.47559015644122027,6510816.0,0.6706237180439658,1.0,-0.04666754827373582,0.2222222222222222,4272.0,1627.0,1,1,3,0,0,0,1,0,0
57810,ZA5,KwaZulu-Natal,ZA2,Eastern Cape,2020-07-23,2020-07-23,31,29,28,6980353.130256582,2844389.486305721,374717,20200723,20200723,0.3109682093283005,0.6320226943362347,0.05700909633546477,0.4797594466393526,10418811.0,0.32240858903092945,0.600977358291188,0.07661405267788246,0.47559015644122027,6510816.0,0.07735186107982292,0.5555555555555556,-0.04666754827373582,0.2222222222222222,2885.0,1627.0,1,1,3,0,0,0,1,0,0
57811,ZA1,Western Cape,ZA1,Western Cape,2020-07-23,2020-07-27,2,2,2,2258692.544548036,1574202.427993046,697856,20200723,20200727,0.24146430881004144,0.6902282722160927,0.06830741897386587,0.4994387746892386,6898299.0,0.24146430881004144,0.6902282722160927,0.06830741897386587,0.4994387746892386,6898299.0,0.48495156727992644,0.8888888888888888,0.48495156727992644,0.8888888888888888,1081.0,521.0,1,1,3,0,0,0,1,0,0
57812,ZA6,North West,ZA9,Limpopo,2020-07-23,2020-07-23,53,52,49,22631159.787153754,9622016.91740543,670477,20200723,20200723,0.2828745421867569,0.6531826641385288,0.0639427936747143,0.5169154144355026,3885864.0,0.3322212084583728,0.5982309127294063,0.06954787881222096,0.47107489302560024,5527257.0,-0.04677388157695324,0.1111111111111111,-0.020299216875639643,0.3333333333333333,828.0,356.0,1,1,3,0,0,0,1,0,0
57813,ZA9,Limpopo,ZA5,KwaZulu-Natal,2020-07-23,2020-07-23,3,3,3,3569434.3681878373,1998990.4428054567,35969,20200723,20200723,0.3322212084583728,0.5982309127294063,0.06954787881222096,0.47107489302560024,5527257.0,0.3109682093283005,0.6320226943362347,0.05700909633546477,0.4797594466393526,10418811.0,-0.020299216875639643,0.3333333333333333,0.07735186107982292,0.5555555555555556,356.0,2885.0,1,1,3,0,0,0,1,0,0
57814,ZA3,Nothern Cape,ZA3,Nothern Cape,2020-07-23,2020-07-24,474,474,474,22541704.41276577,6320211.530500328,19724840,20200723,20200724,0.2905180543789262,0.6449880916225764,0.06449385399849747,0.5008080113808923,1251220.0,0.2905180543789262,0.6449880916225764,0.06449385399849747,0.5008080113808923,1251220.0,0.09958456723393624,0.6666666666666666,0.09958456723393624,0.6666666666666666,243.0,205.0,1,1,3,0,0,0,1,0,0
57815,ZA9,Limpopo,ZA8,Mpumalanga,2020-07-23,2020-07-24,12,12,12,2414686.110663813,1230490.346284653,535700,20200723,20200724,0.3322212084583728,0.5982309127294063,0.06954787881222096,0.47107489302560024,5527257.0,0.30219785415266165,0.6444398558234767,0.053362290023861565,0.4955341209781855,4547481.0,-0.020299216875639643,0.3333333333333333,0.0523010419666447,0.4444444444444444,356.0,769.0,1,1,3,0,0,0,1,0,0
57816,ZA5,KwaZulu-Natal,ZA8,Mpumalanga,2020-07-23,2020-07-23,19,17,17,7847584.224983129,2831698.1915731216,136973,20200723,20200723,0.3109682093283005,0.6320226943362347,0.05700909633546477,0.4797594466393526,10418811.0,0.30219785415266165,0.6444398558234767,0.053362290023861565,0.4955341209781855,4547481.0,0.07735186107982292,0.5555555555555556,0.0523010419666447,0.4444444444444444,2885.0,701.0,1,1,3,0,0,0,1,0,0
57818,ZA5,KwaZulu-Natal,ZA5,KwaZulu-Natal,2020-07-23,2020-07-23,41855,19392,12767,2103805089.2965567,488850327.1247449,191267049,20200723,20200723,0.3109682093283005,0.6320226943362347,0.05700909633546477,0.4797594466393526,10418811.0,0.3109682093283005,0.6320226943362347,0.05700909633546477,0.4797594466393526,10418811.0,0.07735186107982292,0.5555555555555556,0.07735186107982292,0.5555555555555556,2885.0,2885.0,1,1,3,0,0,0,1,0,0
57819,ZA4,Free State,ZA2,Eastern Cape,2020-07-23,2020-07-27,1,1,1,1082234.3449632183,417283.940175913,335741,20200723,20200727,0.28114593899768064,0.6555271573171474,0.06332690368517199,0.4905192097314189,2663702.0,0.32240858903092945,0.600977358291188,0.07661405267788246,0.47559015644122027,6510816.0,0.2248492570676798,0.7777777777777778,-0.04666754827373582,0.2222222222222222,1111.0,646.0,1,1,3,0,0,0,1,0,0
57820,ZA7,Gauteng,ZA4,Free State,2020-07-23,2020-07-24,16,16,16,3442612.7422180464,634529.1808082516,476867,20200723,20200724,0.22703936886350948,0.7223349844212468,0.050625646715243805,0.5123439321519871,14760167.0,0.28114593899768064,0.6555271573171474,0.06332690368517199,0.4905192097314189,2663702.0,0.6706237180439658,1.0,0.2248492570676798,0.7777777777777778,4272.0,1099.0,1,1,3,0,0,0,1,0,0
57821,ZA7,Gauteng,ZA6,North West,2020-07-23,2020-07-23,568,555,547,127533446.80019264,50860232.19328486,5709230,20200723,20200723,0.22703936886350948,0.7223349844212468,0.050625646715243805,0.5123439321519871,14760167.0,0.2828745421867569,0.6531826641385288,0.0639427936747143,0.5169154144355026,3885864.0,0.6706237180439658,1.0,-0.04677388157695324,0.1111111111111111,4272.0,828.0,1,1,3,0,0,0,1,0,0
57822,ZA8,Mpumalanga,ZA5,KwaZulu-Natal,2020-07-23,2020-07-23,33,31,31,20816806.0956332,7970093.948910662,454290,20200723,20200723,0.30219785415266165,0.6444398558234767,0.053362290023861565,0.4955341209781855,4547481.0,0.3109682093283005,0.6320226943362347,0.05700909633546477,0.4797594466393526,10418811.0,0.0523010419666447,0.4444444444444444,0.07735186107982292,0.5555555555555556,701.0,2885.0,1,1,3,0,0,0,1,0,0
57823,ZA5,KwaZulu-Natal,ZA1,Western Cape,2020-07-23,2020-07-23,10,10,10,23816421.66148344,12800050.372834517,125503,20200723,20200723,0.3109682093283005,0.6320226943362347,0.05700909633546477,0.4797594466393526,10418811.0,0.24146430881004144,0.6902282722160927,0.06830741897386587,0.4994387746892386,6898299.0,0.07735186107982292,0.5555555555555556,0.48495156727992644,0.8888888888888888,2885.0,1081.0,1,1,3,0,0,0,1,0,0
57824,ZA7,Gauteng,ZA8,Mpumalanga,2020-07-23,2020-07-23,460,457,450,130499077.32468171,55669101.46223245,5027576,20200723,20200723,0.22703936886350948,0.7223349844212468,0.050625646715243805,0.5123439321519871,14760167.0,0.30219785415266165,0.6444398558234767,0.053362290023861565,0.4955341209781855,4547481.0,0.6706237180439658,1.0,0.0523010419666447,0.4444444444444444,4272.0,701.0,1,1,3,0,0,0,1,0,0
57825,ZA2,Eastern Cape,ZA4,Free State,2020-07-23,2020-07-23,22,22,22,14645638.448988408,4847198.110601625,352836,20200723,20200723,0.32240858903092945,0.600977358291188,0.07661405267788246,0.47559015644122027,6510816.0,0.28114593899768064,0.6555271573171474,0.06332690368517199,0.4905192097314189,2663702.0,-0.04666754827373582,0.2222222222222222,0.2248492570676798,0.7777777777777778,1627.0,1111.0,1,1,3,0,0,0,1,0,0
57826,ZA6,North West,ZA1,Western Cape,2020-07-23,2020-07-23,6,6,6,16572463.520178009,6701469.833704541,200435,20200723,20200723,0.2828745421867569,0.6531826641385288,0.0639427936747143,0.5169154144355026,3885864.0,0.24146430881004144,0.6902282722160927,0.06830741897386587,0.4994387746892386,6898299.0,-0.04677388157695324,0.1111111111111111,0.48495156727992644,0.8888888888888888,828.0,1081.0,1,1,3,0,0,0,1,0,0
57827,ZA1,Western Cape,ZA3,Nothern Cape,2020-07-23,2020-07-23,27,26,26,25342726.01506061,10917043.691198723,591378,20200723,20200723,0.24146430881004144,0.6902282722160927,0.06830741897386587,0.4994387746892386,6898299.0,0.2905180543789262,0.6449880916225764,0.06449385399849747,0.5008080113808923,1251220.0,0.48495156727992644,0.8888888888888888,0.09958456723393624,0.6666666666666666,1081.0,243.0,1,1,3,0,0,0,1,0,0
57828,ZA4,Free State,ZA4,Free State,2020-07-23,2020-07-23,15819,7225,4594,811174003.2124516,179104167.07741785,65483211,20200723,20200723,0.28114593899768064,0.6555271573171474,0.06332690368517199,0.4905192097314189,2663702.0,0.28114593899768064,0.6555271573171474,0.06332690368517199,0.4905192097314189,2663702.0,0.2248492570676798,0.7777777777777778,0.2248492570676798,0.7777777777777778,1111.0,1111.0,1,1,3,0,0,0,1,0,0
57829,ZA4,Free State,ZA4,Free State,2020-07-23,2020-07-29,2,2,2,578320.9948114742,287453.1490889891,1002825,20200723,20200729,0.28114593899768064,0.6555271573171474,0.06332690368517199,0.4905192097314189,2663702.0,0.28114593899768064,0.6555271573171474,0.06332690368517199,0.4905192097314189,2663702.0,0.2248492570676798,0.7777777777777778,0.2248492570676798,0.7777777777777778,1111.0,1073.0,1,1,3,0,0,0,1,0,0
57830,ZA7,Gauteng,ZA1,Western Cape,2020-07-23,2020-07-24,3,3,3,15928158.457777925,6816000.679640291,176083,20200723,20200724,0.22703936886350948,0.7223349844212468,0.050625646715243805,0.5123439321519871,14760167.0,0.24146430881004144,0.6902282722160927,0.06830741897386587,0.4994387746892386,6898299.0,0.6706237180439658,1.0,0.48495156727992644,0.8888888888888888,4272.0,1083.0,1,1,3,0,0,0,1,0,0
57831,ZA1,Western Cape,ZA1,Western Cape,2020-07-23,2020-07-26,2,2,2,1132291.2685723708,398495.59302089777,462057,20200723,20200726,0.24146430881004144,0.6902282722160927,0.06830741897386587,0.4994387746892386,6898299.0,0.24146430881004144,0.6902282722160927,0.06830741897386587,0.4994387746892386,6898299.0,0.48495156727992644,0.8888888888888888,0.48495156727992644,0.8888888888888888,1081.0,1046.0,1,1,3,0,0,0,1,0,0
57832,ZA1,Western Cape,ZA8,Mpumalanga,2020-07-23,2020-07-23,1,1,1,3710865.5785507634,1650623.233716364,14495,20200723,20200723,0.24146430881004144,0.6902282722160927,0.06830741897386587,0.4994387746892386,6898299.0,0.30219785415266165,0.6444398558234767,0.053362290023861565,0.4955341209781855,4547481.0,0.48495156727992644,0.8888888888888888,0.0523010419666447,0.4444444444444444,1081.0,701.0,1,1,3,0,0,0,1,0,0
57833,ZA1,Western Cape,ZA2,Eastern Cape,2020-07-23,2020-07-24,6,6,6,10057248.776401112,5298714.537770786,449698,20200723,20200724,0.24146430881004144,0.6902282722160927,0.06830741897386587,0.4994387746892386,6898299.0,0.32240858903092945,0.600977358291188,0.07661405267788246,0.47559015644122027,6510816.0,0.48495156727992644,0.8888888888888888,-0.04666754827373582,0.2222222222222222,1081.0,1893.0,1,1,3,0,0,0,1,0,0
57834,ZA1,Western Cape,ZA4,Free State,2020-07-23,2020-07-24,2,2,2,7159838.749523287,1980929.8557541133,129706,20200723,20200724,0.24146430881004144,0.6902282722160927,0.06830741897386587,0.4994387746892386,6898299.0,0.28114593899768064,0.6555271573171474,0.06332690368517199,0.4905192097314189,2663702.0,0.48495156727992644,0.8888888888888888,0.2248492570676798,0.7777777777777778,1081.0,1099.0,1,1,3,0,0,0,1,0,0
57835,ZA2,Eastern Cape,ZA1,Western Cape,2020-07-23,2020-07-25,2,2,2,2688024.5699344547,2644445.664071342,304140,20200723,20200725,0.32240858903092945,0.600977358291188,0.07661405267788246,0.47559015644122027,6510816.0,0.24146430881004144,0.6902282722160927,0.06830741897386587,0.4994387746892386,6898299.0,-0.04666754827373582,0.2222222222222222,0.48495156727992644,0.8888888888888888,1627.0,1022.0,1,1,3,0,0,0,1,0,0
57836,ZA7,Gauteng,ZA1,Western Cape,2020-07-23,2020-07-23,36,36,36,88227541.3256804,46077153.85649191,821242,20200723,20200723,0.22703936886350948,0.7223349844212468,0.050625646715243805,0.5123439321519871,14760167.0,0.24146430881004144,0.6902282722160927,0.06830741897386587,0.4994387746892386,6898299.0,0.6706237180439658,1.0,0.48495156727992644,0.8888888888888888,4272.0,1081.0,1,1,3,0,0,0,1,0,0
57837,ZA5,KwaZulu-Natal,ZA4,Free State,2020-07-23,2020-07-23,36,32,31,21269829.484354246,8685223.390281329,426201,20200723,20200723,0.3109682093283005,0.6320226943362347,0.05700909633546477,0.4797594466393526,10418811.0,0.28114593899768064,0.6555271573171474,0.06332690368517199,0.4905192097314189,2663702.0,0.07735186107982292,0.5555555555555556,0.2248492570676798,0.7777777777777778,2885.0,1111.0,1,1,3,0,0,0,1,0,0
57838,ZA7,Gauteng,ZA7,Gauteng,2020-07-23,2020-07-31,1,1,1,184599.39660569275,184599.39660569275,647508,20200723,20200731,0.22703936886350948,0.7223349844212468,0.050625646715243805,0.5123439321519871,14760167.0,0.22703936886350948,0.7223349844212468,0.050625646715243805,0.5123439321519871,14760167.0,0.6706237180439658,1.0,0.6706237180439658,1.0,4272.0,3698.0,1,1,3,0,0,0,1,0,0
57839,ZA4,Free State,ZA1,Western Cape,2020-07-23,2020-07-25,1,1,1,1695998.7869801929,1177520.631999734,202920,20200723,20200725,0.28114593899768064,0.6555271573171474,0.06332690368517199,0.4905192097314189,2663702.0,0.24146430881004144,0.6902282722160927,0.06830741897386587,0.4994387746892386,6898299.0,0.2248492570676798,0.7777777777777778,0.48495156727992644,0.8888888888888888,1111.0,1022.0,1,1,3,0,0,0,1,0,0
57840,ZA2,Eastern Cape,ZA2,Eastern Cape,2020-07-23,2020-07-27,5,5,5,2414331.173848279,1787903.3055880642,1772540,20200723,20200727,0.32240858903092945,0.600977358291188,0.07661405267788246,0.47559015644122027,6510816.0,0.32240858903092945,0.600977358291188,0.07661405267788246,0.47559015644122027,6510816.0,-0.04666754827373582,0.2222222222222222,-0.04666754827373582,0.2222222222222222,1627.0,646.0,1,1,3,0,0,0,1,0,0
57841,ZA4,Free State,ZA4,Free State,2020-07-23,2020-07-25,4,4,4,453264.4626728332,268272.8993984252,644115,20200723,20200725,0.28114593899768064,0.6555271573171474,0.06332690368517199,0.4905192097314189,2663702.0,0.28114593899768064,0.6555271573171474,0.06332690368517199,0.4905192097314189,2663702.0,0.2248492570676798,0.7777777777777778,0.2248492570676798,0.7777777777777778,1111.0,970.0,1,1,3,0,0,0,1,0,0
57842,ZA6,North West,ZA6,North West,2020-07-23,2020-07-25,4,4,4,884962.2453058116,582879.220600139,690575,20200723,20200725,0.2828745421867569,0.6531826641385288,0.0639427936747143,0.5169154144355026,3885864.0,0.2828745421867569,0.6531826641385288,0.0639427936747143,0.5169154144355026,3885864.0,-0.04677388157695324,0.1111111111111111,-0.04677388157695324,0.1111111111111111,828.0,394.0,1,1,3,0,0,0,1,0,0
57843,ZA1,Western Cape,ZA7,Gauteng,2020-07-23,2020-07-25,1,1,1,1271536.6772939172,1271536.6772939172,199328,20200723,20200725,0.24146430881004144,0.6902282722160927,0.06830741897386587,0.4994387746892386,6898299.0,0.22703936886350948,0.7223349844212468,0.050625646715243805,0.5123439321519871,14760167.0,0.48495156727992644,0.8888888888888888,0.6706237180439658,1.0,1081.0,3801.0,1,1,3,0,0,0,1,0,0
57844,ZA2,Eastern Cape,ZA5,KwaZulu-Natal,2020-07-23,2020-07-24,4,4,4,1510903.6891039268,581038.3824281461,183104,20200723,20200724,0.32240858903092945,0.600977358291188,0.07661405267788246,0.47559015644122027,6510816.0,0.3109682093283005,0.6320226943362347,0.05700909633546477,0.4797594466393526,10418811.0,-0.04666754827373582,0.2222222222222222,0.07735186107982292,0.5555555555555556,1627.0,3756.0,1,1,3,0,0,0,1,0,0
57845,ZA8,Mpumalanga,ZA8,Mpumalanga,2020-07-23,2020-07-29,3,3,3,1161484.3574711503,243300.07688692835,1534886,20200723,20200729,0.30219785415266165,0.6444398558234767,0.053362290023861565,0.4955341209781855,4547481.0,0.30219785415266165,0.6444398558234767,0.053362290023861565,0.4955341209781855,4547481.0,0.0523010419666447,0.4444444444444444,0.0523010419666447,0.4444444444444444,701.0,890.0,1,1,3,0,0,0,1,0,0
57846,ZA7,Gauteng,ZA9,Limpopo,2020-07-23,2020-07-24,12,12,12,7828162.311316938,3342714.611198451,573030,20200723,20200724,0.22703936886350948,0.7223349844212468,0.050625646715243805,0.5123439321519871,14760167.0,0.3322212084583728,0.5982309127294063,0.06954787881222096,0.47107489302560024,5527257.0,0.6706237180439658,1.0,-0.020299216875639643,0.3333333333333333,4272.0,326.0,1,1,3,0,0,0,1,0,0
57847,ZA4,Free State,ZA8,Mpumalanga,2020-07-23,2020-07-23,9,9,9,2268563.4019078244,1058166.7827810552,97223,20200723,20200723,0.28114593899768064,0.6555271573171474,0.06332690368517199,0.4905192097314189,2663702.0,0.30219785415266165,0.6444398558234767,0.053362290023861565,0.4955341209781855,4547481.0,0.2248492570676798,0.7777777777777778,0.0523010419666447,0.4444444444444444,1111.0,701.0,1,1,3,0,0,0,1,0,0
57848,ZA7,Gauteng,ZA7,Gauteng,2020-07-23,2020-07-28,2,2,2,3376912.8779995856,2671609.7522875145,768264,20200723,20200728,0.22703936886350948,0.7223349844212468,0.050625646715243805,0.5123439321519871,14760167.0,0.22703936886350948,0.7223349844212468,0.050625646715243805,0.5123439321519871,14760167.0,0.6706237180439658,1.0,0.6706237180439658,1.0,4272.0,2265.0,1,1,3,0,0,0,1,0,0
57849,ZA2,Eastern Cape,ZA1,Western Cape,2020-07-23,2020-07-24,4,4,4,5355616.453765772,2286699.7931461423,299431,20200723,20200724,0.32240858903092945,0.600977358291188,0.07661405267788246,0.47559015644122027,6510816.0,0.24146430881004144,0.6902282722160927,0.06830741897386587,0.4994387746892386,6898299.0,-0.04666754827373582,0.2222222222222222,0.48495156727992644,0.8888888888888888,1627.0,1083.0,1,1,3,0,0,0,1,0,0
57850,ZA3,Nothern Cape,ZA1,Western Cape,2020-07-23,2020-07-24,1,1,1,156968.96758212702,67019.70584743819,20718,20200723,20200724,0.2905180543789262,0.6449880916225764,0.06449385399849747,0.5008080113808923,1251220.0,0.24146430881004144,0.6902282722160927,0.06830741897386587,0.4994387746892386,6898299.0,0.09958456723393624,0.6666666666666666,0.48495156727992644,0.8888888888888888,243.0,1083.0,1,1,3,0,0,0,1,0,0
57851,ZA1,Western Cape,ZA1,Western Cape,2020-07-23,2020-07-31,4,4,4,647067.1868175517,414354.2653844385,2642941,20200723,20200731,0.24146430881004144,0.6902282722160927,0.06830741897386587,0.4994387746892386,6898299.0,0.24146430881004144,0.6902282722160927,0.06830741897386587,0.4994387746892386,6898299.0,0.48495156727992644,0.8888888888888888,0.48495156727992644,0.8888888888888888,1081.0,783.0,1,1,3,0,0,0,1,0,0
57852,ZA3,Nothern Cape,ZA6,North West,2020-07-23,2020-07-25,1,1,1,1552805.4544514334,691000.7605430254,145615,20200723,20200725,0.2905180543789262,0.6449880916225764,0.06449385399849747,0.5008080113808923,1251220.0,0.2828745421867569,0.6531826641385288,0.0639427936747143,0.5169154144355026,3885864.0,0.09958456723393624,0.6666666666666666,-0.04677388157695324,0.1111111111111111,243.0,394.0,1,1,3,0,0,0,1,0,0
57853,ZA8,Mpumalanga,ZA8,Mpumalanga,2020-07-23,2020-07-27,3,3,3,998758.3769571874,84313.13882983131,1014858,20200723,20200727,0.30219785415266165,0.6444398558234767,0.053362290023861565,0.4955341209781855,4547481.0,0.30219785415266165,0.6444398558234767,0.053362290023861565,0.4955341209781855,4547481.0,0.0523010419666447,0.4444444444444444,0.0523010419666447,0.4444444444444444,701.0,378.0,1,1,3,0,0,0,1,0,0
57854,ZA4,Free State,ZA3,Nothern Cape,2020-07-23,2020-07-24,4,4,4,2240152.896751403,1608098.28226071,186239,20200723,20200724,0.28114593899768064,0.6555271573171474,0.06332690368517199,0.4905192097314189,2663702.0,0.2905180543789262,0.6449880916225764,0.06449385399849747,0.5008080113808923,1251220.0,0.2248492570676798,0.7777777777777778,0.09958456723393624,0.6666666666666666,1111.0,205.0,1,1,3,0,0,0,1,0,0
57855,ZA6,North West,ZA6,North West,2020-07-23,2020-07-27,3,3,3,430595.80934299366,166151.0012200908,959887,20200723,20200727,0.2828745421867569,0.6531826641385288,0.0639427936747143,0.5169154144355026,3885864.0,0.2828745421867569,0.6531826641385288,0.0639427936747143,0.5169154144355026,3885864.0,-0.04677388157695324,0.1111111111111111,-0.04677388157695324,0.1111111111111111,828.0,266.0,1,1,3,0,0,0,1,0,0
57856,ZA4,Free State,ZA5,KwaZulu-Natal,2020-07-23,2020-07-24,2,2,2,2170203.4041452548,816488.2974757142,66307,20200723,20200724,0.28114593899768064,0.6555271573171474,0.06332690368517199,0.4905192097314189,2663702.0,0.3109682093283005,0.6320226943362347,0.05700909633546477,0.4797594466393526,10418811.0,0.2248492570676798,0.7777777777777778,0.07735186107982292,0.5555555555555556,1111.0,3756.0,1,1,3,0,0,0,1,0,0
57857,ZA2,Eastern Cape,ZA2,Eastern Cape,2020-07-23,2020-07-29,1,1,1,665433.9330563827,1052.352037473087,503181,20200723,20200729,0.32240858903092945,0.600977358291188,0.07661405267788246,0.47559015644122027,6510816.0,0.32240858903092945,0.600977358291188,0.07661405267788246,0.47559015644122027,6510816.0,-0.04666754827373582,0.2222222222222222,-0.04666754827373582,0.2222222222222222,1627.0,805.0,1,1,3,0,0,0,1,0,0
57858,ZA7,Gauteng,ZA5,KwaZulu-Natal,2020-07-23,2020-07-24,5,5,5,4580329.656142326,2595011.2840356147,307803,20200723,20200724,0.22703936886350948,0.7223349844212468,0.050625646715243805,0.5123439321519871,14760167.0,0.3109682093283005,0.6320226943362347,0.05700909633546477,0.4797594466393526,10418811.0,0.6706237180439658,1.0,0.07735186107982292,0.5555555555555556,4272.0,3756.0,1,1,3,0,0,0,1,0,0
57859,ZA5,KwaZulu-Natal,ZA2,Eastern Cape,2020-07-23,2020-07-26,1,1,1,1191394.51925811,582761.4024451058,221104,20200723,20200726,0.3109682093283005,0.6320226943362347,0.05700909633546477,0.4797594466393526,10418811.0,0.32240858903092945,0.600977358291188,0.07661405267788246,0.47559015644122027,6510816.0,0.07735186107982292,0.5555555555555556,-0.04666754827373582,0.2222222222222222,2885.0,813.0,1,1,3,0,0,0,1,0,0
57860,ZA9,Limpopo,ZA6,North West,2020-07-23,2020-07-24,6,6,6,962053.6166559624,266497.2809930808,138979,20200723,20200724,0.3322212084583728,0.5982309127294063,0.06954787881222096,0.47107489302560024,5527257.0,0.2828745421867569,0.6531826641385288,0.0639427936747143,0.5169154144355026,3885864.0,-0.020299216875639643,0.3333333333333333,-0.04677388157695324,0.1111111111111111,356.0,647.0,1,1,3,0,0,0,1,0,0
57861,ZA6,North West,ZA8,Mpumalanga,2020-07-23,2020-07-23,8,8,8,6677986.135807985,2489414.2106815963,168329,20200723,20200723,0.2828745421867569,0.6531826641385288,0.0639427936747143,0.5169154144355026,3885864.0,0.30219785415266165,0.6444398558234767,0.053362290023861565,0.4955341209781855,4547481.0,-0.04677388157695324,0.1111111111111111,0.0523010419666447,0.4444444444444444,828.0,701.0,1,1,3,0,0,0,1,0,0
57863,ZA5,KwaZulu-Natal,,,2020-07-23,2020-07-23,13,13,12,663976.0859098325,525274.5148767236,144700,20200723,20200723,0.3109682093283005,0.6320226943362347,0.05700909633546477,0.4797594466393526,10418811.0,,,,,,0.07735186107982292,0.5555555555555556,,,2885.0,,1,1,3,0,0,0,1,0,0
57864,ZA7,Gauteng,ZA3,Nothern Cape,2020-07-23,2020-07-23,11,11,11,16485838.064727876,7792490.414894819,249430,20200723,20200723,0.22703936886350948,0.7223349844212468,0.050625646715243805,0.5123439321519871,14760167.0,0.2905180543789262,0.6449880916225764,0.06449385399849747,0.5008080113808923,1251220.0,0.6706237180439658,1.0,0.09958456723393624,0.6666666666666666,4272.0,243.0,1,1,3,0,0,0,1,0,0
57865,ZA5,KwaZulu-Natal,ZA1,Western Cape,2020-07-23,2020-07-24,1,1,1,2575173.5846729744,849185.5333437468,40766,20200723,20200724,0.3109682093283005,0.6320226943362347,0.05700909633546477,0.4797594466393526,10418811.0,0.24146430881004144,0.6902282722160927,0.06830741897386587,0.4994387746892386,6898299.0,0.07735186107982292,0.5555555555555556,0.48495156727992644,0.8888888888888888,2885.0,1083.0,1,1,3,0,0,0,1,0,0
57866,ZA8,Mpumalanga,ZA8,Mpumalanga,2020-07-23,2020-07-31,2,2,2,116019.28481463194,111008.33903758462,1349685,20200723,20200731,0.30219785415266165,0.6444398558234767,0.053362290023861565,0.4955341209781855,4547481.0,0.30219785415266165,0.6444398558234767,0.053362290023861565,0.4955341209781855,4547481.0,0.0523010419666447,0.4444444444444444,0.0523010419666447,0.4444444444444444,701.0,821.0,1,1,3,0,0,0,1,0,0
57867,ZA5,KwaZulu-Natal,ZA6,North West,2020-07-23,2020-07-23,4,4,4,3464362.788362761,2004635.747306223,49653,20200723,20200723,0.3109682093283005,0.6320226943362347,0.05700909633546477,0.4797594466393526,10418811.0,0.2828745421867569,0.6531826641385288,0.0639427936747143,0.5169154144355026,3885864.0,0.07735186107982292,0.5555555555555556,-0.04677388157695324,0.1111111111111111,2885.0,828.0,1,1,3,0,0,0,1,0,0
57868,ZA6,North West,ZA7,Gauteng,2020-07-23,2020-07-25,1,1,1,288653.02623992803,116873.26542904568,144920,20200723,20200725,0.2828745421867569,0.6531826641385288,0.0639427936747143,0.5169154144355026,3885864.0,0.22703936886350948,0.7223349844212468,0.050625646715243805,0.5123439321519871,14760167.0,-0.04677388157695324,0.1111111111111111,0.6706237180439658,1.0,828.0,3801.0,1,1,3,0,0,0,1,0,0
57869,ZA3,Nothern Cape,ZA7,Gauteng,2020-07-23,2020-07-23,9,9,9,14268699.792865092,5029276.736322008,160584,20200723,20200723,0.2905180543789262,0.6449880916225764,0.06449385399849747,0.5008080113808923,1251220.0,0.22703936886350948,0.7223349844212468,0.050625646715243805,0.5123439321519871,14760167.0,0.09958456723393624,0.6666666666666666,0.6706237180439658,1.0,243.0,4272.0,1,1,3,0,0,0,1,0,0
57870,ZA9,Limpopo,ZA9,Limpopo,2020-07-23,2020-07-31,1,1,1,104387.06361717817,94023.80602848144,722044,20200723,20200731,0.3322212084583728,0.5982309127294063,0.06954787881222096,0.47107489302560024,5527257.0,0.3322212084583728,0.5982309127294063,0.06954787881222096,0.47107489302560024,5527257.0,-0.020299216875639643,0.3333333333333333,-0.020299216875639643,0.3333333333333333,356.0,325.0,1,1,3,0,0,0,1,0,0
57871,ZA7,Gauteng,ZA8,Mpumalanga,2020-07-23,2020-07-25,1,1,1,333263.2465429368,162886.00368273025,185449,20200723,20200725,0.22703936886350948,0.7223349844212468,0.050625646715243805,0.5123439321519871,14760167.0,0.30219785415266165,0.6444398558234767,0.053362290023861565,0.4955341209781855,4547481.0,0.6706237180439658,1.0,0.0523010419666447,0.4444444444444444,4272.0,661.0,1,1,3,0,0,0,1,0,0
57872,ZA9,Limpopo,ZA8,Mpumalanga,2020-07-23,2020-07-25,1,1,1,95636.61545727258,95549.06158366626,209038,20200723,20200725,0.3322212084583728,0.5982309127294063,0.06954787881222096,0.47107489302560024,5527257.0,0.30219785415266165,0.6444398558234767,0.053362290023861565,0.4955341209781855,4547481.0,-0.020299216875639643,0.3333333333333333,0.0523010419666447,0.4444444444444444,356.0,661.0,1,1,3,0,0,0,1,0,0
57873,ZA2,Eastern Cape,ZA3,Nothern Cape,2020-07-23,2020-07-24,3,3,3,2351793.638254102,972996.0471371484,191190,20200723,20200724,0.32240858903092945,0.600977358291188,0.07661405267788246,0.47559015644122027,6510816.0,0.2905180543789262,0.6449880916225764,0.06449385399849747,0.5008080113808923,1251220.0,-0.04666754827373582,0.2222222222222222,0.09958456723393624,0.6666666666666666,1627.0,205.0,1,1,3,0,0,0,1,0,0
57874,ZA1,Western Cape,ZA7,Gauteng,2020-07-23,2020-07-23,25,25,25,62163704.46009836,32096773.87622376,437980,20200723,20200723,0.24146430881004144,0.6902282722160927,0.06830741897386587,0.4994387746892386,6898299.0,0.22703936886350948,0.7223349844212468,0.050625646715243805,0.5123439321519871,14760167.0,0.48495156727992644,0.8888888888888888,0.6706237180439658,1.0,1081.0,4272.0,1,1,3,0,0,0,1,0,0
57875,ZA7,Gauteng,ZA8,Mpumalanga,2020-07-23,2020-07-31,1,1,1,232896.4561936833,117437.2291508675,731151,20200723,20200731,0.22703936886350948,0.7223349844212468,0.050625646715243805,0.5123439321519871,14760167.0,0.30219785415266165,0.6444398558234767,0.053362290023861565,0.4955341209781855,4547481.0,0.6706237180439658,1.0,0.0523010419666447,0.4444444444444444,4272.0,821.0,1,1,3,0,0,0,1,0,0
57876,ZA1,Western Cape,ZA7,Gauteng,2020-07-23,2020-07-24,5,5,5,13082213.767284987,6323515.77995948,387752,20200723,20200724,0.24146430881004144,0.6902282722160927,0.06830741897386587,0.4994387746892386,6898299.0,0.22703936886350948,0.7223349844212468,0.050625646715243805,0.5123439321519871,14760167.0,0.48495156727992644,0.8888888888888888,0.6706237180439658,1.0,1081.0,4166.0,1,1,3,0,0,0,1,0,0
57877,ZA4,Free State,ZA4,Free State,2020-07-23,2020-07-26,3,3,3,657729.0967522722,219783.53933212924,782639,20200723,20200726,0.28114593899768064,0.6555271573171474,0.06332690368517199,0.4905192097314189,2663702.0,0.28114593899768064,0.6555271573171474,0.06332690368517199,0.4905192097314189,2663702.0,0.2248492570676798,0.7777777777777778,0.2248492570676798,0.7777777777777778,1111.0,970.0,1,1,3,0,0,0,1,0,0
57878,ZA8,Mpumalanga,ZA1,Western Cape,2020-07-23,2020-07-23,2,2,2,5092698.357397322,2535226.814754592,102606,20200723,20200723,0.30219785415266165,0.6444398558234767,0.053362290023861565,0.4955341209781855,4547481.0,0.24146430881004144,0.6902282722160927,0.06830741897386587,0.4994387746892386,6898299.0,0.0523010419666447,0.4444444444444444,0.48495156727992644,0.8888888888888888,701.0,1081.0,1,1,3,0,0,0,1,0,0
57879,ZA7,Gauteng,ZA4,Free State,2020-07-23,2020-07-27,1,1,1,414735.06221136166,194569.08042936787,321603,20200723,20200727,0.22703936886350948,0.7223349844212468,0.050625646715243805,0.5123439321519871,14760167.0,0.28114593899768064,0.6555271573171474,0.06332690368517199,0.4905192097314189,2663702.0,0.6706237180439658,1.0,0.2248492570676798,0.7777777777777778,4272.0,740.0,1,1,3,0,0,0,1,0,0
57880,ZA1,Western Cape,ZA5,KwaZulu-Natal,2020-07-23,2020-07-23,5,5,5,11932611.001440955,6489095.05082954,39942,20200723,20200723,0.24146430881004144,0.6902282722160927,0.06830741897386587,0.4994387746892386,6898299.0,0.3109682093283005,0.6320226943362347,0.05700909633546477,0.4797594466393526,10418811.0,0.48495156727992644,0.8888888888888888,0.07735186107982292,0.5555555555555556,1081.0,2885.0,1,1,3,0,0,0,1,0,0
57881,ZA2,Eastern Cape,ZA4,Free State,2020-07-23,2020-07-24,2,2,2,832607.8766212794,440957.9342359802,83276,20200723,20200724,0.32240858903092945,0.600977358291188,0.07661405267788246,0.47559015644122027,6510816.0,0.28114593899768064,0.6555271573171474,0.06332690368517199,0.4905192097314189,2663702.0,-0.04666754827373582,0.2222222222222222,0.2248492570676798,0.7777777777777778,1627.0,1099.0,1,1,3,0,0,0,1,0,0
57882,ZA5,KwaZulu-Natal,ZA5,KwaZulu-Natal,2020-07-23,2020-07-28,1,1,1,271132.28564613464,132077.28841013933,463372,20200723,20200728,0.3109682093283005,0.6320226943362347,0.05700909633546477,0.4797594466393526,10418811.0,0.3109682093283005,0.6320226943362347,0.05700909633546477,0.4797594466393526,10418811.0,0.07735186107982292,0.5555555555555556,0.07735186107982292,0.5555555555555556,2885.0,2119.0,1,1,3,0,0,0,1,0,0
57883,ZA3,Nothern Cape,ZA4,Free State,2020-07-23,2020-07-24,4,4,4,2318103.949671803,1291448.9199738845,184508,20200723,20200724,0.2905180543789262,0.6449880916225764,0.06449385399849747,0.5008080113808923,1251220.0,0.28114593899768064,0.6555271573171474,0.06332690368517199,0.4905192097314189,2663702.0,0.09958456723393624,0.6666666666666666,0.2248492570676798,0.7777777777777778,243.0,1099.0,1,1,3,0,0,0,1,0,0
57884,ZA4,Free State,ZA8,Mpumalanga,2020-07-23,2020-07-24,3,3,3,7126635.659457082,1502075.6137818133,139535,20200723,20200724,0.28114593899768064,0.6555271573171474,0.06332690368517199,0.4905192097314189,2663702.0,0.30219785415266165,0.6444398558234767,0.053362290023861565,0.4955341209781855,4547481.0,0.2248492570676798,0.7777777777777778,0.0523010419666447,0.4444444444444444,1111.0,769.0,1,1,3,0,0,0,1,0,0
57885,ZA8,Mpumalanga,ZA5,KwaZulu-Natal,2020-07-23,2020-07-24,3,3,3,2741145.586584406,1300307.0932004976,245346,20200723,20200724,0.30219785415266165,0.6444398558234767,0.053362290023861565,0.4955341209781855,4547481.0,0.3109682093283005,0.6320226943362347,0.05700909633546477,0.4797594466393526,10418811.0,0.0523010419666447,0.4444444444444444,0.07735186107982292,0.5555555555555556,701.0,3756.0,1,1,3,0,0,0,1,0,0
57886,ZA8,Mpumalanga,ZA8,Mpumalanga,2020-07-23,2020-07-26,2,2,2,223403.0708079507,3815.8319103158415,476976,20200723,20200726,0.30219785415266165,0.6444398558234767,0.053362290023861565,0.4955341209781855,4547481.0,0.30219785415266165,0.6444398558234767,0.053362290023861565,0.4955341209781855,4547481.0,0.0523010419666447,0.4444444444444444,0.0523010419666447,0.4444444444444444,701.0,591.0,1,1,3,0,0,0,1,0,0
57887,ZA1,Western Cape,ZA9,Limpopo,2020-07-23,2020-07-23,2,2,2,7256444.591738198,2782078.191734258,59922,20200723,20200723,0.24146430881004144,0.6902282722160927,0.06830741897386587,0.4994387746892386,6898299.0,0.3322212084583728,0.5982309127294063,0.06954787881222096,0.47107489302560024,5527257.0,0.48495156727992644,0.8888888888888888,-0.020299216875639643,0.3333333333333333,1081.0,356.0,1,1,3,0,0,0,1,0,0
57888,ZA4,Free State,ZA1,Western Cape,2020-07-23,2020-07-23,11,11,11,23581873.4007482,9877367.368337931,406247,20200723,20200723,0.28114593899768064,0.6555271573171474,0.06332690368517199,0.4905192097314189,2663702.0,0.24146430881004144,0.6902282722160927,0.06830741897386587,0.4994387746892386,6898299.0,0.2248492570676798,0.7777777777777778,0.48495156727992644,0.8888888888888888,1111.0,1081.0,1,1,3,0,0,0,1,0,0
57889,ZA6,North West,ZA7,Gauteng,2020-07-23,2020-07-27,1,1,1,194081.3103803062,94122.62420359974,384341,20200723,20200727,0.2828745421867569,0.6531826641385288,0.0639427936747143,0.5169154144355026,3885864.0,0.22703936886350948,0.7223349844212468,0.050625646715243805,0.5123439321519871,14760167.0,-0.04677388157695324,0.1111111111111111,0.6706237180439658,1.0,828.0,2165.0,1,1,3,0,0,0,1,0,0
57890,ZA9,Limpopo,ZA7,Gauteng,2020-07-23,2020-07-25,1,1,1,764362.1435771142,442972.3255304871,201865,20200723,20200725,0.3322212084583728,0.5982309127294063,0.06954787881222096,0.47107489302560024,5527257.0,0.22703936886350948,0.7223349844212468,0.050625646715243805,0.5123439321519871,14760167.0,-0.020299216875639643,0.3333333333333333,0.6706237180439658,1.0,356.0,3801.0,1,1,3,0,0,0,1,0,0
57891,ZA2,Eastern Cape,ZA2,Eastern Cape,2020-07-23,2020-07-26,3,3,3,2794239.4306557607,42157.79232005328,742186,20200723,20200726,0.32240858903092945,0.600977358291188,0.07661405267788246,0.47559015644122027,6510816.0,0.32240858903092945,0.600977358291188,0.07661405267788246,0.47559015644122027,6510816.0,-0.04666754827373582,0.2222222222222222,-0.04666754827373582,0.2222222222222222,1627.0,813.0,1,1,3,0,0,0,1,0,0
57892,ZA3,Nothern Cape,ZA7,Gauteng,2020-07-23,2020-07-24,1,1,1,1175886.351099481,579590.5143001262,54095,20200723,20200724,0.2905180543789262,0.6449880916225764,0.06449385399849747,0.5008080113808923,1251220.0,0.22703936886350948,0.7223349844212468,0.050625646715243805,0.5123439321519871,14760167.0,0.09958456723393624,0.6666666666666666,0.6706237180439658,1.0,243.0,4166.0,1,1,3,0,0,0,1,0,0
57893,ZA2,Eastern Cape,ZA1,Western Cape,2020-07-23,2020-07-27,1,1,1,922927.7589468427,922927.7589468427,362573,20200723,20200727,0.32240858903092945,0.600977358291188,0.07661405267788246,0.47559015644122027,6510816.0,0.24146430881004144,0.6902282722160927,0.06830741897386587,0.4994387746892386,6898299.0,-0.04666754827373582,0.2222222222222222,0.48495156727992644,0.8888888888888888,1627.0,521.0,1,1,3,0,0,0,1,0,0
57894,ZA7,Gauteng,ZA7,Gauteng,2020-07-23,2020-07-29,2,2,2,1557550.2889778735,64623.78600494314,976235,20200723,20200729,0.22703936886350948,0.7223349844212468,0.050625646715243805,0.5123439321519871,14760167.0,0.22703936886350948,0.7223349844212468,0.050625646715243805,0.5123439321519871,14760167.0,0.6706237180439658,1.0,0.6706237180439658,1.0,4272.0,3785.0,1,1,3,0,0,0,1,0,0
57895,ZA4,Free State,ZA1,Western Cape,2020-07-23,2020-07-24,4,4,4,6234457.951660042,4525917.355558866,245082,20200723,20200724,0.28114593899768064,0.6555271573171474,0.06332690368517199,0.4905192097314189,2663702.0,0.24146430881004144,0.6902282722160927,0.06830741897386587,0.4994387746892386,6898299.0,0.2248492570676798,0.7777777777777778,0.48495156727992644,0.8888888888888888,1111.0,1083.0,1,1,3,0,0,0,1,0,0
57896,ZA1,Western Cape,ZA1,Western Cape,2020-07-23,2020-07-29,3,3,3,944616.1633727758,233577.60923924696,1499099,20200723,20200729,0.24146430881004144,0.6902282722160927,0.06830741897386587,0.4994387746892386,6898299.0,0.24146430881004144,0.6902282722160927,0.06830741897386587,0.4994387746892386,6898299.0,0.48495156727992644,0.8888888888888888,0.48495156727992644,0.8888888888888888,1081.0,754.0,1,1,3,0,0,0,1,0,0
57897,ZA3,Nothern Cape,ZA3,Nothern Cape,2020-07-23,2020-07-25,2,2,2,593671.4819998987,265589.1515577574,276128,20200723,20200725,0.2905180543789262,0.6449880916225764,0.06449385399849747,0.5008080113808923,1251220.0,0.2905180543789262,0.6449880916225764,0.06449385399849747,0.5008080113808923,1251220.0,0.09958456723393624,0.6666666666666666,0.09958456723393624,0.6666666666666666,243.0,214.0,1,1,3,0,0,0,1,0,0
57898,ZA1,Western Cape,ZA4,Free State,2020-07-23,2020-07-23,7,7,7,15161326.68364658,5466595.426266423,270163,20200723,20200723,0.24146430881004144,0.6902282722160927,0.06830741897386587,0.4994387746892386,6898299.0,0.28114593899768064,0.6555271573171474,0.06332690368517199,0.4905192097314189,2663702.0,0.48495156727992644,0.8888888888888888,0.2248492570676798,0.7777777777777778,1081.0,1111.0,1,1,3,0,0,0,1,0,0
57899,ZA9,Limpopo,ZA9,Limpopo,2020-07-23,2020-07-28,3,3,3,507357.3338953328,167255.95190438276,1295134,20200723,20200728,0.3322212084583728,0.5982309127294063,0.06954787881222096,0.47107489302560024,5527257.0,0.3322212084583728,0.5982309127294063,0.06954787881222096,0.47107489302560024,5527257.0,-0.020299216875639643,0.3333333333333333,-0.020299216875639643,0.3333333333333333,356.0,242.0,1,1,3,0,0,0,1,0,0
57900,ZA1,Western Cape,ZA2,Eastern Cape,2020-07-23,2020-07-25,1,1,1,1334016.6200608143,660696.4307245406,156140,20200723,20200725,0.24146430881004144,0.6902282722160927,0.06830741897386587,0.4994387746892386,6898299.0,0.32240858903092945,0.600977358291188,0.07661405267788246,0.47559015644122027,6510816.0,0.48495156727992644,0.8888888888888888,-0.04666754827373582,0.2222222222222222,1081.0,1434.0,1,1,3,0,0,0,1,0,0
57901,ZA9,Limpopo,ZA7,Gauteng,2020-07-23,2020-07-27,1,1,1,726020.0704072225,265757.92057598254,306209,20200723,20200727,0.3322212084583728,0.5982309127294063,0.06954787881222096,0.47107489302560024,5527257.0,0.22703936886350948,0.7223349844212468,0.050625646715243805,0.5123439321519871,14760167.0,-0.020299216875639643,0.3333333333333333,0.6706237180439658,1.0,356.0,2165.0,1,1,3,0,0,0,1,0,0
57902,ZA3,Nothern Cape,ZA3,Nothern Cape,2020-07-23,2020-07-27,2,2,2,1345836.1632740668,1132446.1610507758,653481,20200723,20200727,0.2905180543789262,0.6449880916225764,0.06449385399849747,0.5008080113808923,1251220.0,0.2905180543789262,0.6449880916225764,0.06449385399849747,0.5008080113808923,1251220.0,0.09958456723393624,0.6666666666666666,0.09958456723393624,0.6666666666666666,243.0,275.0,1,1,3,0,0,0,1,0,0
57903,ZA4,Free State,ZA4,Free State,2020-07-23,2020-07-27,1,1,1,228736.91918902172,228736.91918902172,345600,20200723,20200727,0.28114593899768064,0.6555271573171474,0.06332690368517199,0.4905192097314189,2663702.0,0.28114593899768064,0.6555271573171474,0.06332690368517199,0.4905192097314189,2663702.0,0.2248492570676798,0.7777777777777778,0.2248492570676798,0.7777777777777778,1111.0,740.0,1,1,3,0,0,0,1,0,0
57904,ZA5,KwaZulu-Natal,ZA7,Gauteng,2020-07-23,2020-07-24,3,3,3,2489784.4443814023,1496110.9583830668,225557,20200723,20200724,0.3109682093283005,0.6320226943362347,0.05700909633546477,0.4797594466393526,10418811.0,0.22703936886350948,0.7223349844212468,0.050625646715243805,0.5123439321519871,14760167.0,0.07735186107982292,0.5555555555555556,0.6706237180439658,1.0,2885.0,4166.0,1,1,3,0,0,0,1,0,0
57905,ZA3,Nothern Cape,ZA8,Mpumalanga,2020-07-23,2020-07-23,1,1,1,1343854.50494355,503608.5808784276,26113,20200723,20200723,0.2905180543789262,0.6449880916225764,0.06449385399849747,0.5008080113808923,1251220.0,0.30219785415266165,0.6444398558234767,0.053362290023861565,0.4955341209781855,4547481.0,0.09958456723393624,0.6666666666666666,0.0523010419666447,0.4444444444444444,243.0,701.0,1,1,3,0,0,0,1,0,0
57906,ZA3,Nothern Cape,ZA6,North West,2020-07-23,2020-07-24,1,1,1,640735.9044427593,640505.2207453728,86848,20200723,20200724,0.2905180543789262,0.6449880916225764,0.06449385399849747,0.5008080113808923,1251220.0,0.2828745421867569,0.6531826641385288,0.0639427936747143,0.5169154144355026,3885864.0,0.09958456723393624,0.6666666666666666,-0.04677388157695324,0.1111111111111111,243.0,647.0,1,1,3,0,0,0,1,0,0
57907,ZA5,KwaZulu-Natal,ZA3,Nothern Cape,2020-07-23,2020-07-23,1,1,1,2291620.697715377,898516.1956805245,50774,20200723,20200723,0.3109682093283005,0.6320226943362347,0.05700909633546477,0.4797594466393526,10418811.0,0.2905180543789262,0.6449880916225764,0.06449385399849747,0.5008080113808923,1251220.0,0.07735186107982292,0.5555555555555556,0.09958456723393624,0.6666666666666666,2885.0,243.0,1,1,3,0,0,0,1,0,0
57908,ZA7,Gauteng,ZA4,Free State,2020-07-23,2020-07-25,1,1,1,212927.20048086636,105247.81718428608,184772,20200723,20200725,0.22703936886350948,0.7223349844212468,0.050625646715243805,0.5123439321519871,14760167.0,0.28114593899768064,0.6555271573171474,0.06332690368517199,0.4905192097314189,2663702.0,0.6706237180439658,1.0,0.2248492570676798,0.7777777777777778,4272.0,970.0,1,1,3,0,0,0,1,0,0
57909,ZA7,Gauteng,ZA7,Gauteng,2020-07-23,2020-07-30,1,1,1,118068.06371657204,99516.06935711352,627810,20200723,20200730,0.22703936886350948,0.7223349844212468,0.050625646715243805,0.5123439321519871,14760167.0,0.22703936886350948,0.7223349844212468,0.050625646715243805,0.5123439321519871,14760167.0,0.6706237180439658,1.0,0.6706237180439658,1.0,4272.0,3205.0,1,1,3,0,0,0,1,0,0
57910,ZA7,Gauteng,ZA8,Mpumalanga,2020-07-23,2020-07-29,2,2,2,908622.606769328,494572.1216885259,1103665,20200723,20200729,0.22703936886350948,0.7223349844212468,0.050625646715243805,0.5123439321519871,14760167.0,0.30219785415266165,0.6444398558234767,0.053362290023861565,0.4955341209781855,4547481.0,0.6706237180439658,1.0,0.0523010419666447,0.4444444444444444,4272.0,890.0,1,1,3,0,0,0,1,0,0
57911,ZA4,Free State,ZA8,Mpumalanga,2020-07-23,2020-07-25,1,1,1,1855903.4089114205,540.8269427078144,167659,20200723,20200725,0.28114593899768064,0.6555271573171474,0.06332690368517199,0.4905192097314189,2663702.0,0.30219785415266165,0.6444398558234767,0.053362290023861565,0.4955341209781855,4547481.0,0.2248492570676798,0.7777777777777778,0.0523010419666447,0.4444444444444444,1111.0,661.0,1,1,3,0,0,0,1,0,0
57912,ZA7,Gauteng,ZA4,Free State,2020-07-23,2020-07-28,1,1,1,262954.72759863257,129718.62674581305,438888,20200723,20200728,0.22703936886350948,0.7223349844212468,0.050625646715243805,0.5123439321519871,14760167.0,0.28114593899768064,0.6555271573171474,0.06332690368517199,0.4905192097314189,2663702.0,0.6706237180439658,1.0,0.2248492570676798,0.7777777777777778,4272.0,912.0,1,1,3,0,0,0,1,0,0
57913,ZA6,North West,ZA5,KwaZulu-Natal,2020-07-23,2020-07-23,3,3,3,3802794.683905265,1691476.4320489122,29280,20200723,20200723,0.2828745421867569,0.6531826641385288,0.0639427936747143,0.5169154144355026,3885864.0,0.3109682093283005,0.6320226943362347,0.05700909633546477,0.4797594466393526,10418811.0,-0.04677388157695324,0.1111111111111111,0.07735186107982292,0.5555555555555556,828.0,2885.0,1,1,3,0,0,0,1,0,0
57914,ZA5,KwaZulu-Natal,ZA9,Limpopo,2020-07-23,2020-07-23,6,6,5,9646010.884064067,3956262.478603308,91328,20200723,20200723,0.3109682093283005,0.6320226943362347,0.05700909633546477,0.4797594466393526,10418811.0,0.3322212084583728,0.5982309127294063,0.06954787881222096,0.47107489302560024,5527257.0,0.07735186107982292,0.5555555555555556,-0.020299216875639643,0.3333333333333333,2885.0,356.0,1,1,3,0,0,0,1,0,0
57915,ZA3,Nothern Cape,ZA2,Eastern Cape,2020-07-23,2020-07-23,5,4,4,1471488.223085235,565644.0511460017,61421,20200723,20200723,0.2905180543789262,0.6449880916225764,0.06449385399849747,0.5008080113808923,1251220.0,0.32240858903092945,0.600977358291188,0.07661405267788246,0.47559015644122027,6510816.0,0.09958456723393624,0.6666666666666666,-0.04666754827373582,0.2222222222222222,243.0,1627.0,1,1,3,0,0,0,1,0,0
57916,ZA9,Limpopo,ZA9,Limpopo,2020-07-23,2020-07-26,5,5,5,1355267.9692619392,201755.12663711517,1160009,20200723,20200726,0.3322212084583728,0.5982309127294063,0.06954787881222096,0.47107489302560024,5527257.0,0.3322212084583728,0.5982309127294063,0.06954787881222096,0.47107489302560024,5527257.0,-0.020299216875639643,0.3333333333333333,-0.020299216875639643,0.3333333333333333,356.0,344.0,1,1,3,0,0,0,1,0,0
57917,ZA8,Mpumalanga,ZA5,KwaZulu-Natal,2020-07-23,2020-07-25,2,2,2,892779.4736046521,807611.526766063,409227,20200723,20200725,0.30219785415266165,0.6444398558234767,0.053362290023861565,0.4955341209781855,4547481.0,0.3109682093283005,0.6320226943362347,0.05700909633546477,0.4797594466393526,10418811.0,0.0523010419666447,0.4444444444444444,0.07735186107982292,0.5555555555555556,701.0,3370.0,1,1,3,0,0,0,1,0,0
57918,ZA5,KwaZulu-Natal,ZA5,KwaZulu-Natal,2020-07-23,2020-07-25,3,3,3,946423.1045508956,681532.1103602921,527439,20200723,20200725,0.3109682093283005,0.6320226943362347,0.05700909633546477,0.4797594466393526,10418811.0,0.3109682093283005,0.6320226943362347,0.05700909633546477,0.4797594466393526,10418811.0,0.07735186107982292,0.5555555555555556,0.07735186107982292,0.5555555555555556,2885.0,3370.0,1,1,3,0,0,0,1,0,0
57919,ZA8,Mpumalanga,ZA8,Mpumalanga,2020-07-23,2020-07-28,2,2,2,5020.777491960018,3404.2435737242545,875814,20200723,20200728,0.30219785415266165,0.6444398558234767,0.053362290023861565,0.4955341209781855,4547481.0,0.30219785415266165,0.6444398558234767,0.053362290023861565,0.4955341209781855,4547481.0,0.0523010419666447,0.4444444444444444,0.0523010419666447,0.4444444444444444,701.0,166.0,1,1,3,0,0,0,1,0,0
57920,ZA2,Eastern Cape,ZA2,Eastern Cape,2020-07-23,2020-07-28,3,3,3,4716089.088040243,1849161.3577770176,1418254,20200723,20200728,0.32240858903092945,0.600977358291188,0.07661405267788246,0.47559015644122027,6510816.0,0.32240858903092945,0.600977358291188,0.07661405267788246,0.47559015644122027,6510816.0,-0.04666754827373582,0.2222222222222222,-0.04666754827373582,0.2222222222222222,1627.0,836.0,1,1,3,0,0,0,1,0,0
57921,ZA5,KwaZulu-Natal,ZA5,KwaZulu-Natal,2020-07-23,2020-07-29,1,1,1,341334.1764315451,213043.81488444412,552370,20200723,20200729,0.3109682093283005,0.6320226943362347,0.05700909633546477,0.4797594466393526,10418811.0,0.3109682093283005,0.6320226943362347,0.05700909633546477,0.4797594466393526,10418811.0,0.07735186107982292,0.5555555555555556,0.07735186107982292,0.5555555555555556,2885.0,3139.0,1,1,3,0,0,0,1,0,0
57922,ZA7,Gauteng,ZA7,Gauteng,2020-07-23,2020-07-27,2,2,2,384165.907549559,135797.8312313029,652606,20200723,20200727,0.22703936886350948,0.7223349844212468,0.050625646715243805,0.5123439321519871,14760167.0,0.22703936886350948,0.7223349844212468,0.050625646715243805,0.5123439321519871,14760167.0,0.6706237180439658,1.0,0.6706237180439658,1.0,4272.0,2165.0,1,1,3,0,0,0,1,0,0
57923,ZA5,KwaZulu-Natal,ZA8,Mpumalanga,2020-07-23,2020-07-27,1,1,1,568874.9290788351,241346.0888494412,350636,20200723,20200727,0.3109682093283005,0.6320226943362347,0.05700909633546477,0.4797594466393526,10418811.0,0.30219785415266165,0.6444398558234767,0.053362290023861565,0.4955341209781855,4547481.0,0.07735186107982292,0.5555555555555556,0.0523010419666447,0.4444444444444444,2885.0,378.0,1,1,3,0,0,0,1,0,0
57924,ZA6,North West,ZA1,Western Cape,2020-07-23,2020-07-24,1,1,1,2809244.1260664184,1400419.7951477498,56626,20200723,20200724,0.2828745421867569,0.6531826641385288,0.0639427936747143,0.5169154144355026,3885864.0,0.24146430881004144,0.6902282722160927,0.06830741897386587,0.4994387746892386,6898299.0,-0.04677388157695324,0.1111111111111111,0.48495156727992644,0.8888888888888888,828.0,1083.0,1,1,3,0,0,0,1,0,0
57925,ZA9,Limpopo,ZA7,Gauteng,2020-07-23,2020-07-24,9,9,9,3574065.639216626,1361704.268324901,397520,20200723,20200724,0.3322212084583728,0.5982309127294063,0.06954787881222096,0.47107489302560024,5527257.0,0.22703936886350948,0.7223349844212468,0.050625646715243805,0.5123439321519871,14760167.0,-0.020299216875639643,0.3333333333333333,0.6706237180439658,1.0,356.0,4166.0,1,1,3,0,0,0,1,0,0
57926,ZA4,Free State,ZA7,Gauteng,2020-07-23,2020-07-25,1,1,1,894121.6500847589,436147.59959526703,189073,20200723,20200725,0.28114593899768064,0.6555271573171474,0.06332690368517199,0.4905192097314189,2663702.0,0.22703936886350948,0.7223349844212468,0.050625646715243805,0.5123439321519871,14760167.0,0.2248492570676798,0.7777777777777778,0.6706237180439658,1.0,1111.0,3801.0,1,1,3,0,0,0,1,0,0
57927,ZA1,Western Cape,ZA1,Western Cape,2020-07-23,2020-07-30,2,2,2,343287.0962011561,300550.0130422899,1139810,20200723,20200730,0.24146430881004144,0.6902282722160927,0.06830741897386587,0.4994387746892386,6898299.0,0.24146430881004144,0.6902282722160927,0.06830741897386587,0.4994387746892386,6898299.0,0.48495156727992644,0.8888888888888888,0.48495156727992644,0.8888888888888888,1081.0,703.0,1,1,3,0,0,0,1,0,0
57928,ZA6,North West,ZA6,North West,2020-07-23,2020-07-26,3,3,3,368546.11914767465,15796.866433512305,745697,20200723,20200726,0.2828745421867569,0.6531826641385288,0.0639427936747143,0.5169154144355026,3885864.0,0.2828745421867569,0.6531826641385288,0.0639427936747143,0.5169154144355026,3885864.0,-0.04677388157695324,0.1111111111111111,-0.04677388157695324,0.1111111111111111,828.0,396.0,1,1,3,0,0,0,1,0,0
57929,ZA3,Nothern Cape,ZA3,Nothern Cape,2020-07-23,2020-07-31,1,1,1,230298.96121070575,230266.92650141448,619739,20200723,20200731,0.2905180543789262,0.6449880916225764,0.06449385399849747,0.5008080113808923,1251220.0,0.2905180543789262,0.6449880916225764,0.06449385399849747,0.5008080113808923,1251220.0,0.09958456723393624,0.6666666666666666,0.09958456723393624,0.6666666666666666,243.0,339.0,1,1,3,0,0,0,1,0,0
57930,ZA5,KwaZulu-Natal,ZA5,KwaZulu-Natal,2020-07-23,2020-07-26,2,2,2,286536.0438423221,139907.4819983254,549723,20200723,20200726,0.3109682093283005,0.6320226943362347,0.05700909633546477,0.4797594466393526,10418811.0,0.3109682093283005,0.6320226943362347,0.05700909633546477,0.4797594466393526,10418811.0,0.07735186107982292,0.5555555555555556,0.07735186107982292,0.5555555555555556,2885.0,3529.0,1,1,3,0,0,0,1,0,0
57931,ZA9,Limpopo,ZA9,Limpopo,2020-07-23,2020-07-27,1,1,1,162793.30369835853,81373.14124190039,286031,20200723,20200727,0.3322212084583728,0.5982309127294063,0.06954787881222096,0.47107489302560024,5527257.0,0.3322212084583728,0.5982309127294063,0.06954787881222096,0.47107489302560024,5527257.0,-0.020299216875639643,0.3333333333333333,-0.020299216875639643,0.3333333333333333,356.0,184.0,1,1,3,0,0,0,1,0,0
57932,ZA9,Limpopo,ZA3,Nothern Cape,2020-07-23,2020-07-23,2,2,2,2324368.956397666,1490591.7667410066,16169,20200723,20200723,0.3322212084583728,0.5982309127294063,0.06954787881222096,0.47107489302560024,5527257.0,0.2905180543789262,0.6449880916225764,0.06449385399849747,0.5008080113808923,1251220.0,-0.020299216875639643,0.3333333333333333,0.09958456723393624,0.6666666666666666,356.0,243.0,1,1,3,0,0,0,1,0,0
57933,ZA2,Eastern Cape,ZA2,Eastern Cape,2020-07-23,2020-07-30,1,1,1,1030558.8044180156,8660.601436134524,604729,20200723,20200730,0.32240858903092945,0.600977358291188,0.07661405267788246,0.47559015644122027,6510816.0,0.32240858903092945,0.600977358291188,0.07661405267788246,0.47559015644122027,6510816.0,-0.04666754827373582,0.2222222222222222,-0.04666754827373582,0.2222222222222222,1627.0,1183.0,1,1,3,0,0,0,1,0,0
57934,ZA5,KwaZulu-Natal,ZA5,KwaZulu-Natal,2020-07-23,2020-07-27,2,2,2,853717.2510512136,306869.4583026164,696313,20200723,20200727,0.3109682093283005,0.6320226943362347,0.05700909633546477,0.4797594466393526,10418811.0,0.3109682093283005,0.6320226943362347,0.05700909633546477,0.4797594466393526,10418811.0,0.07735186107982292,0.5555555555555556,0.07735186107982292,0.5555555555555556,2885.0,1921.0,1,1,3,0,0,0,1,0,0
57935,ZA7,Gauteng,ZA6,North West,2020-07-23,2020-07-29,2,2,2,444699.1481898045,222987.8295675448,974585,20200723,20200729,0.22703936886350948,0.7223349844212468,0.050625646715243805,0.5123439321519871,14760167.0,0.2828745421867569,0.6531826641385288,0.0639427936747143,0.5169154144355026,3885864.0,0.6706237180439658,1.0,-0.04677388157695324,0.1111111111111111,4272.0,440.0,1,1,3,0,0,0,1,0,0
57936,ZA7,Gauteng,ZA1,Western Cape,2020-07-23,2020-07-29,1,1,1,2315982.668451551,1244920.834749896,475825,20200723,20200729,0.22703936886350948,0.7223349844212468,0.050625646715243805,0.5123439321519871,14760167.0,0.24146430881004144,0.6902282722160927,0.06830741897386587,0.4994387746892386,6898299.0,0.6706237180439658,1.0,0.48495156727992644,0.8888888888888888,4272.0,754.0,1,1,3,0,0,0,1,0,0
57937,ZA7,Gauteng,ZA7,Gauteng,2020-07-23,2020-07-25,3,3,3,1033361.9989977968,936041.84777957,490230,20200723,20200725,0.22703936886350948,0.7223349844212468,0.050625646715243805,0.5123439321519871,14760167.0,0.22703936886350948,0.7223349844212468,0.050625646715243805,0.5123439321519871,14760167.0,0.6706237180439658,1.0,0.6706237180439658,1.0,4272.0,3801.0,1,1,3,0,0,0,1,0,0
57938,ZA8,Mpumalanga,ZA4,Free State,2020-07-23,2020-07-24,1,1,1,1041541.6290245322,518776.9554658433,67347,20200723,20200724,0.30219785415266165,0.6444398558234767,0.053362290023861565,0.4955341209781855,4547481.0,0.28114593899768064,0.6555271573171474,0.06332690368517199,0.4905192097314189,2663702.0,0.0523010419666447,0.4444444444444444,0.2248492570676798,0.7777777777777778,701.0,1099.0,1,1,3,0,0,0,1,0,0
57939,ZA4,Free State,ZA4,Free State,2020-07-23,2020-07-28,1,1,1,391006.931278708,195424.27323822977,428921,20200723,20200728,0.28114593899768064,0.6555271573171474,0.06332690368517199,0.4905192097314189,2663702.0,0.28114593899768064,0.6555271573171474,0.06332690368517199,0.4905192097314189,2663702.0,0.2248492570676798,0.7777777777777778,0.2248492570676798,0.7777777777777778,1111.0,912.0,1,1,3,0,0,0,1,0,0
57940,ZA4,Free State,ZA4,Free State,2020-07-23,2020-07-31,1,1,1,661268.8635623271,661268.8635623271,689284,20200723,20200731,0.28114593899768064,0.6555271573171474,0.06332690368517199,0.4905192097314189,2663702.0,0.28114593899768064,0.6555271573171474,0.06332690368517199,0.4905192097314189,2663702.0,0.2248492570676798,0.7777777777777778,0.2248492570676798,0.7777777777777778,1111.0,864.0,1,1,3,0,0,0,1,0,0
57941,ZA8,Mpumalanga,ZA7,Gauteng,2020-07-23,2020-07-26,2,2,2,372967.3805436368,372967.3805436368,408892,20200723,20200726,0.30219785415266165,0.6444398558234767,0.053362290023861565,0.4955341209781855,4547481.0,0.22703936886350948,0.7223349844212468,0.050625646715243805,0.5123439321519871,14760167.0,0.0523010419666447,0.4444444444444444,0.6706237180439658,1.0,701.0,3333.0,1,1,3,0,0,0,1,0,0
57942,ZA6,North West,ZA4,Free State,2020-07-23,2020-07-25,2,2,2,1362800.245640339,719440.1907142301,305178,20200723,20200725,0.2828745421867569,0.6531826641385288,0.0639427936747143,0.5169154144355026,3885864.0,0.28114593899768064,0.6555271573171474,0.06332690368517199,0.4905192097314189,2663702.0,-0.04677388157695324,0.1111111111111111,0.2248492570676798,0.7777777777777778,828.0,970.0,1,1,3,0,0,0,1,0,0
57943,ZA6,North West,ZA3,Nothern Cape,2020-07-23,2020-07-24,1,1,1,696460.1328264534,235660.6185960564,55623,20200723,20200724,0.2828745421867569,0.6531826641385288,0.0639427936747143,0.5169154144355026,3885864.0,0.2905180543789262,0.6449880916225764,0.06449385399849747,0.5008080113808923,1251220.0,-0.04677388157695324,0.1111111111111111,0.09958456723393624,0.6666666666666666,828.0,205.0,1,1,3,0,0,0,1,0,0
57944,ZA5,KwaZulu-Natal,ZA5,KwaZulu-Natal,2020-07-23,2020-07-30,1,1,1,877268.7581784755,95130.80508402504,613352,20200723,20200730,0.3109682093283005,0.6320226943362347,0.05700909633546477,0.4797594466393526,10418811.0,0.3109682093283005,0.6320226943362347,0.05700909633546477,0.4797594466393526,10418811.0,0.07735186107982292,0.5555555555555556,0.07735186107982292,0.5555555555555556,2885.0,2679.0,1,1,3,0,0,0,1,0,0
57945,ZA2,Eastern Cape,ZA3,Nothern Cape,2020-07-23,2020-07-25,1,1,1,3664555.181295452,1003330.652118032,153928,20200723,20200725,0.32240858903092945,0.600977358291188,0.07661405267788246,0.47559015644122027,6510816.0,0.2905180543789262,0.6449880916225764,0.06449385399849747,0.5008080113808923,1251220.0,-0.04666754827373582,0.2222222222222222,0.09958456723393624,0.6666666666666666,1627.0,214.0,1,1,3,0,0,0,1,0,0
57946,ZA1,Western Cape,ZA6,North West,2020-07-23,2020-07-23,3,3,3,7092406.8433545865,3211258.531666602,47631,20200723,20200723,0.24146430881004144,0.6902282722160927,0.06830741897386587,0.4994387746892386,6898299.0,0.2828745421867569,0.6531826641385288,0.0639427936747143,0.5169154144355026,3885864.0,0.48495156727992644,0.8888888888888888,-0.04677388157695324,0.1111111111111111,1081.0,828.0,1,1,3,0,0,0,1,0,0
57947,ZA7,Gauteng,ZA7,Gauteng,2020-07-23,2020-07-26,2,2,2,1138778.00163569,102544.44594481162,545344,20200723,20200726,0.22703936886350948,0.7223349844212468,0.050625646715243805,0.5123439321519871,14760167.0,0.22703936886350948,0.7223349844212468,0.050625646715243805,0.5123439321519871,14760167.0,0.6706237180439658,1.0,0.6706237180439658,1.0,4272.0,3333.0,1,1,3,0,0,0,1,0,0
57948,ZA4,Free State,ZA2,Eastern Cape,2020-07-23,2020-07-24,5,5,5,8573253.683567738,1574179.6244588504,333783,20200723,20200724,0.28114593899768064,0.6555271573171474,0.06332690368517199,0.4905192097314189,2663702.0,0.32240858903092945,0.600977358291188,0.07661405267788246,0.47559015644122027,6510816.0,0.2248492570676798,0.7777777777777778,-0.04666754827373582,0.2222222222222222,1111.0,1893.0,1,1,3,0,0,0,1,0,0
57949,ZA7,Gauteng,ZA9,Limpopo,2020-07-23,2020-07-26,1,1,1,1086348.1980339426,777802.3110108551,208756,20200723,20200726,0.22703936886350948,0.7223349844212468,0.050625646715243805,0.5123439321519871,14760167.0,0.3322212084583728,0.5982309127294063,0.06954787881222096,0.47107489302560024,5527257.0,0.6706237180439658,1.0,-0.020299216875639643,0.3333333333333333,4272.0,344.0,1,1,3,0,0,0,1,0,0
57950,ZA5,KwaZulu-Natal,ZA7,Gauteng,2020-07-23,2020-07-27,1,1,1,1540370.627029022,535550.0767550048,319019,20200723,20200727,0.3109682093283005,0.6320226943362347,0.05700909633546477,0.4797594466393526,10418811.0,0.22703936886350948,0.7223349844212468,0.050625646715243805,0.5123439321519871,14760167.0,0.07735186107982292,0.5555555555555556,0.6706237180439658,1.0,2885.0,2165.0,1,1,3,0,0,0,1,0,0
57952,ZA7,Gauteng,ZA6,North West,2020-07-23,2020-07-28,1,1,1,245669.1511418613,122849.50031001138,371577,20200723,20200728,0.22703936886350948,0.7223349844212468,0.050625646715243805,0.5123439321519871,14760167.0,0.2828745421867569,0.6531826641385288,0.0639427936747143,0.5169154144355026,3885864.0,0.6706237180439658,1.0,-0.04677388157695324,0.1111111111111111,4272.0,187.0,1,1,3,0,0,0,1,0,0
57953,ZA2,Eastern Cape,ZA4,Free State,2020-07-23,2020-07-29,1,1,1,793394.3521572754,380140.5061747588,570014,20200723,20200729,0.32240858903092945,0.600977358291188,0.07661405267788246,0.47559015644122027,6510816.0,0.28114593899768064,0.6555271573171474,0.06332690368517199,0.4905192097314189,2663702.0,-0.04666754827373582,0.2222222222222222,0.2248492570676798,0.7777777777777778,1627.0,1073.0,1,1,3,0,0,0,1,0,0
57954,ZA5,KwaZulu-Natal,ZA9,Limpopo,2020-07-23,2020-07-24,1,1,1,1726999.7338349558,625157.786258218,51948,20200723,20200724,0.3109682093283005,0.6320226943362347,0.05700909633546477,0.4797594466393526,10418811.0,0.3322212084583728,0.5982309127294063,0.06954787881222096,0.47107489302560024,5527257.0,0.07735186107982292,0.5555555555555556,-0.020299216875639643,0.3333333333333333,2885.0,326.0,1,1,3,0,0,0,1,0,0
57955,ZA3,Nothern Cape,ZA4,Free State,2020-07-23,2020-07-27,1,1,1,504175.3250129211,362162.636820752,350162,20200723,20200727,0.2905180543789262,0.6449880916225764,0.06449385399849747,0.5008080113808923,1251220.0,0.28114593899768064,0.6555271573171474,0.06332690368517199,0.4905192097314189,2663702.0,0.09958456723393624,0.6666666666666666,0.2248492570676798,0.7777777777777778,243.0,740.0,1,1,3,0,0,0,1,0,0
57956,ZA7,Gauteng,ZA5,KwaZulu-Natal,2020-07-23,2020-07-30,1,1,1,487938.348309109,487938.348309109,612408,20200723,20200730,0.22703936886350948,0.7223349844212468,0.050625646715243805,0.5123439321519871,14760167.0,0.3109682093283005,0.6320226943362347,0.05700909633546477,0.4797594466393526,10418811.0,0.6706237180439658,1.0,0.07735186107982292,0.5555555555555556,4272.0,2679.0,1,1,3,0,0,0,1,0,0
57957,ZA2,Eastern Cape,ZA2,Eastern Cape,2020-07-23,2020-07-31,2,2,2,239355.88107857612,239355.88107857612,1428170,20200723,20200731,0.32240858903092945,0.600977358291188,0.07661405267788246,0.47559015644122027,6510816.0,0.32240858903092945,0.600977358291188,0.07661405267788246,0.47559015644122027,6510816.0,-0.04666754827373582,0.2222222222222222,-0.04666754827373582,0.2222222222222222,1627.0,883.0,1,1,3,0,0,0,1,0,0
57958,ZA6,North West,ZA6,North West,2020-07-23,2020-07-28,2,2,2,505199.15606691095,258619.41620437312,814575,20200723,20200728,0.2828745421867569,0.6531826641385288,0.0639427936747143,0.5169154144355026,3885864.0,0.2828745421867569,0.6531826641385288,0.0639427936747143,0.5169154144355026,3885864.0,-0.04677388157695324,0.1111111111111111,-0.04677388157695324,0.1111111111111111,828.0,187.0,1,1,3,0,0,0,1,0,0
57959,ZA8,Mpumalanga,ZA7,Gauteng,2020-07-23,2020-07-31,1,1,1,110638.42030303448,110638.42030303448,654745,20200723,20200731,0.30219785415266165,0.6444398558234767,0.053362290023861565,0.4955341209781855,4547481.0,0.22703936886350948,0.7223349844212468,0.050625646715243805,0.5123439321519871,14760167.0,0.0523010419666447,0.4444444444444444,0.6706237180439658,1.0,701.0,3698.0,1,1,3,0,0,0,1,0,0
57960,ZA7,Gauteng,ZA9,Limpopo,2020-07-23,2020-07-25,1,1,1,679865.5732841066,679865.5732841066,191029,20200723,20200725,0.22703936886350948,0.7223349844212468,0.050625646715243805,0.5123439321519871,14760167.0,0.3322212084583728,0.5982309127294063,0.06954787881222096,0.47107489302560024,5527257.0,0.6706237180439658,1.0,-0.020299216875639643,0.3333333333333333,4272.0,338.0,1,1,3,0,0,0,1,0,0
57961,ZA8,Mpumalanga,ZA7,Gauteng,2020-07-23,2020-07-25,1,1,1,430110.649221705,298552.38636313105,177991,20200723,20200725,0.30219785415266165,0.6444398558234767,0.053362290023861565,0.4955341209781855,4547481.0,0.22703936886350948,0.7223349844212468,0.050625646715243805,0.5123439321519871,14760167.0,0.0523010419666447,0.4444444444444444,0.6706237180439658,1.0,701.0,3801.0,1,1,3,0,0,0,1,0,0
57962,ZA1,Western Cape,ZA1,Western Cape,2020-07-23,2020-07-25,2,2,2,524739.2495169528,145500.11494083345,353503,20200723,20200725,0.24146430881004144,0.6902282722160927,0.06830741897386587,0.4994387746892386,6898299.0,0.24146430881004144,0.6902282722160927,0.06830741897386587,0.4994387746892386,6898299.0,0.48495156727992644,0.8888888888888888,0.48495156727992644,0.8888888888888888,1081.0,1022.0,1,1,3,0,0,0,1,0,0
57963,ZA8,Mpumalanga,ZA8,Mpumalanga,2020-07-23,2020-07-25,2,2,2,369616.53283989686,3140.6088856341003,261038,20200723,20200725,0.30219785415266165,0.6444398558234767,0.053362290023861565,0.4955341209781855,4547481.0,0.30219785415266165,0.6444398558234767,0.053362290023861565,0.4955341209781855,4547481.0,0.0523010419666447,0.4444444444444444,0.0523010419666447,0.4444444444444444,701.0,661.0,1,1,3,0,0,0,1,0,0
57964,ZA3,Nothern Cape,ZA6,North West,2020-07-23,2020-07-30,1,1,1,891920.4329070053,316637.80824825016,620314,20200723,20200730,0.2905180543789262,0.6449880916225764,0.06449385399849747,0.5008080113808923,1251220.0,0.2828745421867569,0.6531826641385288,0.0639427936747143,0.5169154144355026,3885864.0,0.09958456723393624,0.6666666666666666,-0.04677388157695324,0.1111111111111111,243.0,580.0,1,1,3,0,0,0,1,0,0
57965,ZA2,Eastern Cape,ZA6,North West,2020-07-23,2020-07-23,1,1,1,2386405.9348273026,906447.0911314228,56044,20200723,20200723,0.32240858903092945,0.600977358291188,0.07661405267788246,0.47559015644122027,6510816.0,0.2828745421867569,0.6531826641385288,0.0639427936747143,0.5169154144355026,3885864.0,-0.04666754827373582,0.2222222222222222,-0.04677388157695324,0.1111111111111111,1627.0,828.0,1,1,3,0,0,0,1,0,0
57966,ZA7,Gauteng,ZA4,Free State,2020-07-23,2020-07-26,1,1,1,316424.22763860825,316424.22763860825,212432,20200723,20200726,0.22703936886350948,0.7223349844212468,0.050625646715243805,0.5123439321519871,14760167.0,0.28114593899768064,0.6555271573171474,0.06332690368517199,0.4905192097314189,2663702.0,0.6706237180439658,1.0,0.2248492570676798,0.7777777777777778,4272.0,970.0,1,1,3,0,0,0,1,0,0
57967,ZA4,Free State,,,2020-07-23,2020-07-23,2,2,2,2756465.4502995624,1335457.250583053,14797,20200723,20200723,0.28114593899768064,0.6555271573171474,0.06332690368517199,0.4905192097314189,2663702.0,,,,,,0.2248492570676798,0.7777777777777778,,,1111.0,,1,1,3,0,0,0,1,0,0
57968,ZA3,Nothern Cape,ZA6,North West,2020-07-23,2020-07-29,1,1,1,1453049.1963742073,707474.8635772703,476974,20200723,20200729,0.2905180543789262,0.6449880916225764,0.06449385399849747,0.5008080113808923,1251220.0,0.2828745421867569,0.6531826641385288,0.0639427936747143,0.5169154144355026,3885864.0,0.09958456723393624,0.6666666666666666,-0.04677388157695324,0.1111111111111111,243.0,440.0,1,1,3,0,0,0,1,0,0
57969,ZA7,Gauteng,ZA3,Nothern Cape,2020-07-23,2020-07-24,1,1,1,820655.0917049517,407421.1005367705,122390,20200723,20200724,0.22703936886350948,0.7223349844212468,0.050625646715243805,0.5123439321519871,14760167.0,0.2905180543789262,0.6449880916225764,0.06449385399849747,0.5008080113808923,1251220.0,0.6706237180439658,1.0,0.09958456723393624,0.6666666666666666,4272.0,205.0,1,1,3,0,0,0,1,0,0
57970,ZA3,Nothern Cape,ZA3,Nothern Cape,2020-07-23,2020-07-29,1,1,1,209901.35152422785,102797.33400436272,476423,20200723,20200729,0.2905180543789262,0.6449880916225764,0.06449385399849747,0.5008080113808923,1251220.0,0.2905180543789262,0.6449880916225764,0.06449385399849747,0.5008080113808923,1251220.0,0.09958456723393624,0.6666666666666666,0.09958456723393624,0.6666666666666666,243.0,138.0,1,1,3,0,0,0,1,0,0
57971,ZA2,Eastern Cape,ZA4,Free State,2020-07-23,2020-07-25,1,1,1,944737.7626989525,409467.7825768069,162105,20200723,20200725,0.32240858903092945,0.600977358291188,0.07661405267788246,0.47559015644122027,6510816.0,0.28114593899768064,0.6555271573171474,0.06332690368517199,0.4905192097314189,2663702.0,-0.04666754827373582,0.2222222222222222,0.2248492570676798,0.7777777777777778,1627.0,970.0,1,1,3,0,0,0,1,0,0
57972,ZA7,Gauteng,ZA8,Mpumalanga,2020-07-23,2020-07-28,1,1,1,221530.4696943327,99857.65449020016,476679,20200723,20200728,0.22703936886350948,0.7223349844212468,0.050625646715243805,0.5123439321519871,14760167.0,0.30219785415266165,0.6444398558234767,0.053362290023861565,0.4955341209781855,4547481.0,0.6706237180439658,1.0,0.0523010419666447,0.4444444444444444,4272.0,166.0,1,1,3,0,0,0,1,0,0
57973,ZA3,Nothern Cape,ZA9,Limpopo,2020-07-23,2020-07-23,1,1,1,1655407.9700293238,825330.6327243415,4996,20200723,20200723,0.2905180543789262,0.6449880916225764,0.06449385399849747,0.5008080113808923,1251220.0,0.3322212084583728,0.5982309127294063,0.06954787881222096,0.47107489302560024,5527257.0,0.09958456723393624,0.6666666666666666,-0.020299216875639643,0.3333333333333333,243.0,356.0,1,1,3,0,0,0,1,0,0
57974,ZA5,KwaZulu-Natal,ZA4,Free State,2020-07-23,2020-07-24,1,1,1,1018386.2160715132,441337.9623316265,50206,20200723,20200724,0.3109682093283005,0.6320226943362347,0.05700909633546477,0.4797594466393526,10418811.0,0.28114593899768064,0.6555271573171474,0.06332690368517199,0.4905192097314189,2663702.0,0.07735186107982292,0.5555555555555556,0.2248492570676798,0.7777777777777778,2885.0,1099.0,1,1,3,0,0,0,1,0,0
57975,ZA8,Mpumalanga,ZA6,North West,2020-07-23,2020-07-24,1,1,1,498856.5820443271,238978.4785640202,42177,20200723,20200724,0.30219785415266165,0.6444398558234767,0.053362290023861565,0.4955341209781855,4547481.0,0.2828745421867569,0.6531826641385288,0.0639427936747143,0.5169154144355026,3885864.0,0.0523010419666447,0.4444444444444444,-0.04677388157695324,0.1111111111111111,701.0,647.0,1,1,3,0,0,0,1,0,0
57976,ZA7,Gauteng,ZA6,North West,2020-07-23,2020-07-26,1,1,1,320035.66237856355,92287.7850444784,278808,20200723,20200726,0.22703936886350948,0.7223349844212468,0.050625646715243805,0.5123439321519871,14760167.0,0.2828745421867569,0.6531826641385288,0.0639427936747143,0.5169154144355026,3885864.0,0.6706237180439658,1.0,-0.04677388157695324,0.1111111111111111,4272.0,396.0,1,1,3,0,0,0,1,0,0
57977,ZA5,KwaZulu-Natal,ZA7,Gauteng,2020-07-23,2020-07-25,1,1,1,889675.2818457341,568675.3871091093,197483,20200723,20200725,0.3109682093283005,0.6320226943362347,0.05700909633546477,0.4797594466393526,10418811.0,0.22703936886350948,0.7223349844212468,0.050625646715243805,0.5123439321519871,14760167.0,0.07735186107982292,0.5555555555555556,0.6706237180439658,1.0,2885.0,3801.0,1,1,3,0,0,0,1,0,0
57978,ZA6,North West,ZA6,North West,2020-07-23,2020-07-31,1,1,1,92086.00573134328,90353.82180098584,694205,20200723,20200731,0.2828745421867569,0.6531826641385288,0.0639427936747143,0.5169154144355026,3885864.0,0.2828745421867569,0.6531826641385288,0.0639427936747143,0.5169154144355026,3885864.0,-0.04677388157695324,0.1111111111111111,-0.04677388157695324,0.1111111111111111,828.0,514.0,1,1,3,0,0,0,1,0,0
57979,ZA7,Gauteng,ZA6,North West,2020-07-23,2020-07-31,1,1,1,572655.3638645625,159911.1586435222,628646,20200723,20200731,0.22703936886350948,0.7223349844212468,0.050625646715243805,0.5123439321519871,14760167.0,0.2828745421867569,0.6531826641385288,0.0639427936747143,0.5169154144355026,3885864.0,0.6706237180439658,1.0,-0.04677388157695324,0.1111111111111111,4272.0,514.0,1,1,3,0,0,0,1,0,0
57980,ZA8,Mpumalanga,ZA7,Gauteng,2020-07-23,2020-07-29,1,1,1,313948.06811997434,154152.72630338406,472653,20200723,20200729,0.30219785415266165,0.6444398558234767,0.053362290023861565,0.4955341209781855,4547481.0,0.22703936886350948,0.7223349844212468,0.050625646715243805,0.5123439321519871,14760167.0,0.0523010419666447,0.4444444444444444,0.6706237180439658,1.0,701.0,3785.0,1,1,3,0,0,0,1,0,0
57981,ZA6,North West,ZA8,Mpumalanga,2020-07-23,2020-07-24,1,1,1,614560.1600179512,236507.0726563324,102711,20200723,20200724,0.2828745421867569,0.6531826641385288,0.0639427936747143,0.5169154144355026,3885864.0,0.30219785415266165,0.6444398558234767,0.053362290023861565,0.4955341209781855,4547481.0,-0.04677388157695324,0.1111111111111111,0.0523010419666447,0.4444444444444444,828.0,769.0,1,1,3,0,0,0,1,0,0
