,admin1Pcod_1,admin1Name_1,admin1Pcod_2,admin1Name_2,admin2Pcod_1,admin2Name_1,admin2Pcod_2,admin2Name_2,local_date_1,local_date_2,trip_num,tour_num,id_num,tour_traj_distance,trip_traj_distance,time_range,date_1,date_2,0_14_pct_1,15_64_pct_1,65p_pct_1,M_pct_1,Population_1,0_14_pct_2,15_64_pct_2,65p_pct_2,M_pct_2,Population_2,rwi_1,rwi_pctl_1,rwi_2,rwi_pctl_2,first_case,ban_travel,lockdown
46753,ZA9,Limpopo,ZA9,Limpopo,ZA936,Waterberg,ZA936,Waterberg,2021-02-11,2021-02-12,11,11,11,46358.56884568661,23152.39225210742,593843,20210211,20210212,0.2870915348782833,0.6477210572390478,0.06518740788266879,0.5138960603357211,718513.0,0.2870915348782833,0.6477210572390478,0.06518740788266879,0.5138960603357211,718513.0,0.00236898395721925,0.5576923076923077,0.00236898395721925,0.5576923076923077,1,1,1
46754,ZA5,KwaZulu-Natal,ZA4,Free State,ZA523,Uthukela,ZA419,Thabo Mofutsanyane,2021-02-11,2021-02-11,1,1,1,67009.23358786678,23161.39749618526,4519,20210211,20210211,0.36014331224838336,0.5864396074090654,0.05341708034255123,0.46782833191779016,652282.0,0.31143326559338835,0.6251823622683981,0.06338437213821363,0.47028720831466336,662829.0,-0.19841226215644822,0.19230769230769232,0.10770218579234972,0.7115384615384616,1,1,1
46755,ZA6,North West,ZA6,North West,ZA640,Dr Kenneth Kaunda,ZA640,Dr Kenneth Kaunda,2021-02-11,2021-02-12,12,12,12,116623.99900572642,67784.11441152067,757465,20210211,20210212,0.27505895171327793,0.6602340041700301,0.06470704411669191,0.5065976875287468,754431.0,0.27505895171327793,0.6602340041700301,0.06470704411669191,0.5065976875287468,754431.0,-0.10069384057971015,0.38461538461538464,-0.10069384057971015,0.38461538461538464,1,1,1
46756,ZA4,Free State,ZA7,Gauteng,ZA420,Fezile Dabi,ZA742,Sedibeng,2021-02-11,2021-02-11,1,1,1,72157.38379336806,34268.949579951885,26349,20210211,20210211,0.2705098118551487,0.6604572122193,0.06903297592555128,0.5050070807202104,494300.0,0.24393339879416723,0.6953819961266214,0.06068460507921129,0.5059130831550246,994997.0,0.2276555023923445,0.7884615384615384,0.2808379746835443,0.8461538461538461,1,1,1
46757,ZA2,Eastern Cape,ZA2,Eastern Cape,ZA212,Amathole,ZA213,Chris Hani,2021-02-11,2021-02-11,1,1,1,84741.9411791926,20815.04993399494,287,20210211,20210211,0.32816698449842097,0.5696178168124134,0.1022151986891656,0.47434426623917664,789726.0,0.334940582305372,0.572656560540376,0.09240285715425203,0.478383232498069,752217.0,-0.3192883211678832,0.019230769230769232,-0.29251697892271666,0.057692307692307696,1,1,1
46758,ZA4,Free State,ZA4,Free State,ZA416,Xhariep,ZA416,Xhariep,2021-02-11,2021-02-11,3,3,2,149923.28718205495,137828.07807406658,38445,20210211,20210211,0.29515218562959183,0.6325513667867511,0.07229644758365718,0.5005153225730198,105759.0,0.29515218562959183,0.6325513667867511,0.07229644758365718,0.5005153225730198,105759.0,0.18671264367816093,0.7692307692307693,0.18671264367816093,0.7692307692307693,1,1,1
46759,ZA7,Gauteng,ZA7,Gauteng,ZA798,City of Johannesburg,ZA799,City of Tshwane,2021-02-11,2021-02-12,5,5,5,356948.89499191125,177349.12312285407,280808,20210211,20210212,0.2220629170143196,0.7299897648810346,0.047947318104645836,0.5097433964893054,5540727.0,0.22283079372412132,0.7204843127840075,0.056684893491871245,0.5057337597223363,3627986.0,0.8818060606060606,1.0,0.48224212034383956,0.9038461538461539,1,1,1
46760,ZA7,Gauteng,ZA7,Gauteng,ZA798,City of Johannesburg,ZA797,Ekurhuleni,2021-02-11,2021-02-11,15,15,13,494263.8574703008,265100.86459288094,140311,20210211,20210211,0.2220629170143196,0.7299897648810346,0.047947318104645836,0.5097433964893054,5540727.0,0.23296733680905687,0.7203157619169479,0.04671690127399521,0.5205474946472306,3739653.0,0.8818060606060606,1.0,0.7435109289617486,0.9615384615384616,1,1,1
46761,ZA2,Eastern Cape,ZA2,Eastern Cape,ZA213,Chris Hani,ZA213,Chris Hani,2021-02-11,2021-02-11,7,3,3,275261.1165513494,13061.298196568438,57635,20210211,20210211,0.334940582305372,0.572656560540376,0.09240285715425203,0.478383232498069,752217.0,0.334940582305372,0.572656560540376,0.09240285715425203,0.478383232498069,752217.0,-0.29251697892271666,0.057692307692307696,-0.29251697892271666,0.057692307692307696,1,1,1
46762,ZA1,Western Cape,ZA1,Western Cape,ZA102,Cape Winelands,ZA104,Eden,2021-02-11,2021-02-11,2,2,2,622293.0623274278,422939.5245846235,26855,20210211,20210211,0.24989252608235304,0.6902123420738123,0.059895131843834624,0.5011121214086944,909523.0,0.24710205256745305,0.6628052101466374,0.09009273728590954,0.4993180863678119,673839.0,-0.012388831437435367,0.5192307692307693,0.0004522691705790296,0.5384615384615384,1,1,1
46763,ZA7,Gauteng,ZA8,Mpumalanga,ZA799,City of Tshwane,ZA831,Nkangala,2021-02-11,2021-02-11,1,1,1,245933.52875370177,104420.65702067091,10248,20210211,20210211,0.22283079372412132,0.7204843127840075,0.056684893491871245,0.5057337597223363,3627986.0,0.27290691475673784,0.6711806877078121,0.055912397535449986,0.5109201270525474,1573837.0,0.48224212034383956,0.9038461538461539,0.07867808219178082,0.6730769230769231,1,1,1
46764,ZA2,Eastern Cape,ZA2,Eastern Cape,ZA213,Chris Hani,ZA212,Amathole,2021-02-11,2021-02-11,2,1,1,169483.8823583852,39968.5225123532,3514,20210211,20210211,0.334940582305372,0.572656560540376,0.09240285715425203,0.478383232498069,752217.0,0.32816698449842097,0.5696178168124134,0.1022151986891656,0.47434426623917664,789726.0,-0.29251697892271666,0.057692307692307696,-0.3192883211678832,0.019230769230769232,1,1,1
46765,ZA7,Gauteng,ZA7,Gauteng,ZA798,City of Johannesburg,ZA748,West Rand,2021-02-11,2021-02-12,1,1,1,19018.145383368075,9620.764632945651,40813,20210211,20210212,0.2220629170143196,0.7299897648810346,0.047947318104645836,0.5097433964893054,5540727.0,0.23154887232085752,0.7207832829912092,0.047667844687933295,0.5288128906961219,856804.0,0.8818060606060606,1.0,0.23715802469135805,0.8076923076923077,1,1,1
46766,ZA9,Limpopo,ZA9,Limpopo,ZA935,Capricorn,ZA933,Mopani,2021-02-11,2021-02-16,1,1,1,176701.15122949486,88055.91595314107,398759,20210211,20210216,0.3265897738288558,0.6007690312860821,0.07264119488506209,0.472231826966417,1295656.0,0.3329418650827259,0.6026296126910996,0.06442852222617454,0.46142626187343905,1062666.0,0.07397387387387387,0.6346153846153846,-0.037928345626975765,0.4807692307692308,1,1,1
46767,ZA1,Western Cape,ZA1,Western Cape,ZA191,City of Cape Town,ZA104,Eden,2021-02-11,2021-02-11,1,1,1,730854.8665831548,374109.7290384391,64643,20210211,20210211,0.23849582985172932,0.697186217784503,0.06431795236376775,0.4976008771049945,4436413.0,0.24710205256745305,0.6628052101466374,0.09009273728590954,0.4993180863678119,673839.0,0.7687640750670242,0.9807692307692307,0.0004522691705790296,0.5384615384615384,1,1,1
46768,ZA9,Limpopo,ZA9,Limpopo,ZA935,Capricorn,ZA947,Sekhukhune,2021-02-11,2021-02-15,1,1,1,312931.82483060774,142783.0498336535,350587,20210211,20210215,0.3265897738288558,0.6007690312860821,0.07264119488506209,0.472231826966417,1295656.0,0.3536917516859454,0.5707075150199985,0.07560073329405607,0.46486328935523974,1125333.0,0.07397387387387387,0.6346153846153846,-0.06015677966101695,0.4423076923076923,1,1,1
46769,ZA9,Limpopo,ZA9,Limpopo,ZA935,Capricorn,ZA935,Capricorn,2021-02-11,2021-02-11,35,23,20,530080.8376764073,226264.921087424,339533,20210211,20210211,0.3265897738288558,0.6007690312860821,0.07264119488506209,0.472231826966417,1295656.0,0.3265897738288558,0.6007690312860821,0.07264119488506209,0.472231826966417,1295656.0,0.07397387387387387,0.6346153846153846,0.07397387387387387,0.6346153846153846,1,1,1
46770,ZA2,Eastern Cape,ZA5,KwaZulu-Natal,ZA214,Joe Gqabi,ZA521,Ugu,2021-02-11,2021-02-11,1,1,1,1099537.9065300878,227106.5060203219,11157,20210211,20210211,0.3340471849013029,0.5799636495391386,0.08598916555955849,0.47733103958194023,339473.0,0.32122674606698143,0.6016982741355622,0.07707497979745637,0.47391596021954596,714019.0,-0.1839776119402985,0.21153846153846154,-0.09480895915678524,0.40384615384615385,1,1,1
46771,ZA4,Free State,ZA4,Free State,ZA419,Thabo Mofutsanyane,ZA419,Thabo Mofutsanyane,2021-02-11,2021-02-11,12,9,8,723370.2524912627,30465.788078610785,153379,20210211,20210211,0.31143326559338835,0.6251823622683981,0.06338437213821363,0.47028720831466336,662829.0,0.31143326559338835,0.6251823622683981,0.06338437213821363,0.47028720831466336,662829.0,0.10770218579234972,0.7115384615384616,0.10770218579234972,0.7115384615384616,1,1,1
46772,ZA7,Gauteng,ZA4,Free State,ZA798,City of Johannesburg,ZA420,Fezile Dabi,2021-02-11,2021-02-11,1,1,1,190206.941355905,94679.12328045988,22871,20210211,20210211,0.2220629170143196,0.7299897648810346,0.047947318104645836,0.5097433964893054,5540727.0,0.2705098118551487,0.6604572122193,0.06903297592555128,0.5050070807202104,494300.0,0.8818060606060606,1.0,0.2276555023923445,0.7884615384615384,1,1,1
46773,ZA5,KwaZulu-Natal,ZA5,KwaZulu-Natal,ZA523,Uthukela,ZA523,Uthukela,2021-02-11,2021-02-12,4,4,4,60064.28628653432,49720.68350446831,236111,20210211,20210212,0.36014331224838336,0.5864396074090654,0.05341708034255123,0.46782833191779016,652282.0,0.36014331224838336,0.5864396074090654,0.05341708034255123,0.46782833191779016,652282.0,-0.19841226215644822,0.19230769230769232,-0.19841226215644822,0.19230769230769232,1,1,1
46774,ZA1,Western Cape,ZA1,Western Cape,ZA105,Central Karoo,ZA105,Central Karoo,2021-02-11,2021-02-11,3,2,2,21076.31466771688,10538.15733385844,49465,20210211,20210211,0.29415328297801036,0.633639246216906,0.07220747080508365,0.4979247763656518,77582.0,0.29415328297801036,0.633639246216906,0.07220747080508365,0.4979247763656518,77582.0,-0.12604477611940298,0.3269230769230769,-0.12604477611940298,0.3269230769230769,1,1,1
46775,ZA1,Western Cape,ZA1,Western Cape,ZA105,Central Karoo,ZA105,Central Karoo,2021-02-11,2021-02-12,2,2,2,5365.516722116962,2898.830400199082,101437,20210211,20210212,0.29415328297801036,0.633639246216906,0.07220747080508365,0.4979247763656518,77582.0,0.29415328297801036,0.633639246216906,0.07220747080508365,0.4979247763656518,77582.0,-0.12604477611940298,0.3269230769230769,-0.12604477611940298,0.3269230769230769,1,1,1
46776,ZA7,Gauteng,ZA9,Limpopo,ZA799,City of Tshwane,ZA947,Sekhukhune,2021-02-11,2021-02-11,1,1,1,96387.54263851812,96325.99906901836,21235,20210211,20210211,0.22283079372412132,0.7204843127840075,0.056684893491871245,0.5057337597223363,3627986.0,0.3536917516859454,0.5707075150199985,0.07560073329405607,0.46486328935523974,1125333.0,0.48224212034383956,0.9038461538461539,-0.06015677966101695,0.4423076923076923,1,1,1
46777,ZA2,Eastern Cape,ZA2,Eastern Cape,ZA244,Alfred Nzo,ZA244,Alfred Nzo,2021-02-11,2021-02-11,7,5,3,24476.597221956235,14529.601036145696,70880,20210211,20210211,0.40782127157510134,0.5221222097470932,0.07005651867780548,0.4576553946475353,788235.0,0.40782127157510134,0.5221222097470932,0.07005651867780548,0.4576553946475353,788235.0,-0.27396673320026615,0.11538461538461539,-0.27396673320026615,0.11538461538461539,1,1,1
46778,ZA3,Nothern Cape,ZA3,Nothern Cape,ZA309,Frances Baard,ZA309,Frances Baard,2021-02-11,2021-02-11,17,12,11,181777.2840395392,75853.17346774551,246289,20210211,20210211,0.2860169290028057,0.6497360787483951,0.06424699224879928,0.49189928194398214,420580.0,0.2860169290028057,0.6497360787483951,0.06424699224879928,0.49189928194398214,420580.0,0.29907801418439717,0.8846153846153846,0.29907801418439717,0.8846153846153846,1,1,1
46779,ZA6,North West,ZA8,Mpumalanga,ZA637,Bojanala,ZA830,Gert Sibande,2021-02-11,2021-02-12,1,1,1,283089.8880867173,191073.3424341807,67410,20210211,20210212,0.25082919250139085,0.6903465537718604,0.05882425372674875,0.5380589003726469,1786678.0,0.30688245639051287,0.6412288994160756,0.05188864419341153,0.49968312815881616,1136106.0,0.07430676328502415,0.6538461538461539,-0.11248741610738255,0.36538461538461536,1,1,1
46780,ZA4,Free State,ZA7,Gauteng,ZA494,Mangaung,ZA799,City of Tshwane,2021-02-11,2021-02-21,1,1,1,418954.6107417069,418954.6107417069,850446,20210211,20210221,0.26262942751272955,0.6754982029249197,0.06187236956235082,0.4901411892511804,826621.0,0.22283079372412132,0.7204843127840075,0.056684893491871245,0.5057337597223363,3627986.0,0.27329104477611943,0.8269230769230769,0.48224212034383956,0.9038461538461539,1,1,1
46781,ZA7,Gauteng,ZA3,Nothern Cape,ZA748,West Rand,ZA345,John Taolo Gaetsewe,2021-02-11,2021-02-25,1,1,1,516712.1490747453,516712.1490747453,1182945,20210211,20210225,0.23154887232085752,0.7207832829912092,0.047667844687933295,0.5288128906961219,856804.0,0.31986957060536586,0.628082594956317,0.05204783443831712,0.4959027820806741,258224.0,0.23715802469135805,0.8076923076923077,-0.13480926430517712,0.3076923076923077,1,1,1
46783,ZA2,Eastern Cape,,,ZA293,Nelson Mandela Bay,,,2021-02-11,2021-02-11,1,1,1,5958.484665748521,2377.2342710024577,28000,20210211,20210211,0.2465186661259611,0.6842154879637478,0.0692658459102911,0.4877654529777138,1230491.0,,,,,,0.5740514018691588,0.9423076923076923,,,1,1,1
46784,ZA1,Western Cape,ZA1,Western Cape,ZA103,Overberg,ZA103,Overberg,2021-02-11,2021-02-11,10,9,8,146250.47240755588,124447.69223511,238232,20210211,20210211,0.22836513904770692,0.6721314716747349,0.09950338927755827,0.511077351980676,303457.0,0.22836513904770692,0.6721314716747349,0.09950338927755827,0.511077351980676,303457.0,0.051486772486772484,0.5961538461538461,0.051486772486772484,0.5961538461538461,1,1,1
46785,ZA4,Free State,ZA4,Free State,ZA494,Mangaung,ZA418,Lejweleputswa,2021-02-11,2021-02-27,1,1,1,173613.7818116943,173613.7818116943,1379582,20210211,20210227,0.26262942751272955,0.6754982029249197,0.06187236956235082,0.4901411892511804,826621.0,0.27941650281351393,0.6617931601395349,0.058790337046951115,0.500105365269169,574193.0,0.27329104477611943,0.8269230769230769,0.29495049504950493,0.8653846153846154,1,1,1
46786,ZA4,Free State,ZA4,Free State,ZA418,Lejweleputswa,ZA418,Lejweleputswa,2021-02-11,2021-02-11,4,4,3,204178.04865513608,104760.78081245771,94101,20210211,20210211,0.27941650281351393,0.6617931601395349,0.058790337046951115,0.500105365269169,574193.0,0.27941650281351393,0.6617931601395349,0.058790337046951115,0.500105365269169,574193.0,0.29495049504950493,0.8653846153846154,0.29495049504950493,0.8653846153846154,1,1,1
46787,ZA6,North West,ZA6,North West,ZA638,Ngaka Modiri Molema,ZA638,Ngaka Modiri Molema,2021-02-11,2021-02-11,11,6,4,193933.00758499597,92951.12937270784,101177,20210211,20210211,0.3236353449196357,0.6078801705223251,0.06848448455803925,0.4964769205863341,870971.0,0.3236353449196357,0.6078801705223251,0.06848448455803925,0.4964769205863341,870971.0,-0.18344824707846413,0.23076923076923078,-0.18344824707846413,0.23076923076923078,1,1,1
46788,ZA6,North West,ZA6,North West,ZA637,Bojanala,ZA637,Bojanala,2021-02-11,2021-02-11,38,26,25,997586.0790850068,510972.8243388737,462546,20210211,20210211,0.25082919250139085,0.6903465537718604,0.05882425372674875,0.5380589003726469,1786678.0,0.25082919250139085,0.6903465537718604,0.05882425372674875,0.5380589003726469,1786678.0,0.07430676328502415,0.6538461538461539,0.07430676328502415,0.6538461538461539,1,1,1
46789,ZA1,Western Cape,ZA1,Western Cape,ZA101,West Coast,ZA101,West Coast,2021-02-11,2021-02-11,19,17,13,166768.1241585681,88706.32746794671,255259,20210211,20210211,0.24466466325617858,0.6852166396976793,0.0701186970461421,0.5060695297345649,497485.0,0.24466466325617858,0.6852166396976793,0.0701186970461421,0.5060695297345649,497485.0,-0.12079976303317536,0.34615384615384615,-0.12079976303317536,0.34615384615384615,1,1,1
46790,ZA5,KwaZulu-Natal,ZA5,KwaZulu-Natal,ZA522,Umgungundlovu,ZA522,Umgungundlovu,2021-02-11,2021-02-17,1,1,1,531774.1474786869,306401.1653987465,508402,20210211,20210217,0.2748377359932372,0.663873035280183,0.06128922872657978,0.48236181888519014,1046905.0,0.2748377359932372,0.663873035280183,0.06128922872657978,0.48236181888519014,1046905.0,0.0061256544502617805,0.5769230769230769,0.0061256544502617805,0.5769230769230769,1,1,1
46791,ZA1,Western Cape,ZA1,Western Cape,ZA101,West Coast,ZA191,City of Cape Town,2021-02-11,2021-02-17,1,1,1,125314.97045206832,125314.97045206832,548896,20210211,20210217,0.24466466325617858,0.6852166396976793,0.0701186970461421,0.5060695297345649,497485.0,0.23849582985172932,0.697186217784503,0.06431795236376775,0.4976008771049945,4436413.0,-0.12079976303317536,0.34615384615384615,0.7687640750670242,0.9807692307692307,1,1,1
46792,ZA2,Eastern Cape,ZA2,Eastern Cape,ZA293,Nelson Mandela Bay,ZA293,Nelson Mandela Bay,2021-02-11,2021-02-11,65,44,38,2417463.168959083,341096.1394332582,630499,20210211,20210211,0.2465186661259611,0.6842154879637478,0.0692658459102911,0.4877654529777138,1230491.0,0.2465186661259611,0.6842154879637478,0.0692658459102911,0.4877654529777138,1230491.0,0.5740514018691588,0.9423076923076923,0.5740514018691588,0.9423076923076923,1,1,1
46793,ZA9,Limpopo,ZA6,North West,ZA934,Vhembe,ZA640,Dr Kenneth Kaunda,2021-02-11,2021-02-25,1,1,1,566121.8490820284,561840.7511647914,1179030,20210211,20210225,0.3433867460978093,0.5887604530714541,0.06785280083073665,0.4597374214109392,1325089.0,0.27505895171327793,0.6602340041700301,0.06470704411669191,0.5065976875287468,754431.0,-0.0767829596412556,0.4230769230769231,-0.10069384057971015,0.38461538461538464,1,1,1
46794,ZA5,KwaZulu-Natal,ZA5,KwaZulu-Natal,ZA521,Ugu,ZA521,Ugu,2021-02-11,2021-02-11,8,7,7,161324.7495229533,141385.73952386546,138383,20210211,20210211,0.32122674606698143,0.6016982741355622,0.07707497979745637,0.47391596021954596,714019.0,0.32122674606698143,0.6016982741355622,0.07707497979745637,0.47391596021954596,714019.0,-0.09480895915678524,0.40384615384615385,-0.09480895915678524,0.40384615384615385,1,1,1
46795,ZA5,KwaZulu-Natal,ZA5,KwaZulu-Natal,ZA524,Umzinyathi,ZA524,Umzinyathi,2021-02-11,2021-02-12,2,2,2,4601.054741444399,3536.644628615838,114591,20210211,20210212,0.3952311253914291,0.5454951881678106,0.05927368644076033,0.451447242842509,514461.0,0.3952311253914291,0.5454951881678106,0.05927368644076033,0.451447242842509,514461.0,-0.28225945945945946,0.07692307692307693,-0.28225945945945946,0.07692307692307693,1,1,1
46796,ZA6,North West,ZA6,North West,ZA638,Ngaka Modiri Molema,ZA638,Ngaka Modiri Molema,2021-02-11,2021-02-12,2,2,2,21917.55398906332,21314.09767808818,133497,20210211,20210212,0.3236353449196357,0.6078801705223251,0.06848448455803925,0.4964769205863341,870971.0,0.3236353449196357,0.6078801705223251,0.06848448455803925,0.4964769205863341,870971.0,-0.18344824707846413,0.23076923076923078,-0.18344824707846413,0.23076923076923078,1,1,1
46797,ZA6,North West,ZA6,North West,ZA639,Dr Ruth Segomotsi Mompati,ZA639,Dr Ruth Segomotsi Mompati,2021-02-11,2021-02-11,11,8,6,64195.27046288113,29259.81987518027,119343,20210211,20210211,0.3412335579082451,0.5850872971649528,0.07367914492680208,0.4911837461796937,473784.0,0.3412335579082451,0.5850872971649528,0.07367914492680208,0.4911837461796937,473784.0,-0.16626678765880218,0.2692307692307692,-0.16626678765880218,0.2692307692307692,1,1,1
46798,ZA7,Gauteng,ZA7,Gauteng,ZA797,Ekurhuleni,ZA798,City of Johannesburg,2021-02-11,2021-02-12,3,3,3,132222.74087880153,65949.49370277232,180251,20210211,20210212,0.23296733680905687,0.7203157619169479,0.04671690127399521,0.5205474946472306,3739653.0,0.2220629170143196,0.7299897648810346,0.047947318104645836,0.5097433964893054,5540727.0,0.7435109289617486,0.9615384615384616,0.8818060606060606,1.0,1,1,1
46799,ZA5,KwaZulu-Natal,ZA5,KwaZulu-Natal,ZA525,Amajuba,ZA525,Amajuba,2021-02-11,2021-02-11,5,4,4,26979.115156217187,16928.428993739697,30129,20210211,20210211,0.3311353387795859,0.6144200377537888,0.05444462346662529,0.48045773982507545,502731.0,0.3311353387795859,0.6144200377537888,0.05444462346662529,0.48045773982507545,502731.0,-0.16864155251141552,0.25,-0.16864155251141552,0.25,1,1,1
46800,ZA2,Eastern Cape,ZA2,Eastern Cape,ZA210,Cacadu,ZA293,Nelson Mandela Bay,2021-02-11,2021-02-11,1,1,1,105512.10266752008,53071.66230333681,2544,20210211,20210211,0.2618455236218228,0.6571170870354837,0.08103738934269357,0.4975242081945451,491156.0,0.2465186661259611,0.6842154879637478,0.0692658459102911,0.4877654529777138,1230491.0,-0.01848062015503876,0.5,0.5740514018691588,0.9423076923076923,1,1,1
46801,ZA5,KwaZulu-Natal,ZA5,KwaZulu-Natal,ZA543,Sisonke,ZA543,Sisonke,2021-02-11,2021-02-12,2,2,2,36385.36573286951,18646.04806737948,130970,20210211,20210212,0.37293146983899067,0.5707096800166399,0.05635885014436937,0.4671305273563743,447117.0,0.37293146983899067,0.5707096800166399,0.05635885014436937,0.4671305273563743,447117.0,-0.2112274881516588,0.17307692307692307,-0.2112274881516588,0.17307692307692307,1,1,1
46802,ZA8,Mpumalanga,ZA7,Gauteng,ZA831,Nkangala,ZA798,City of Johannesburg,2021-02-11,2021-02-11,1,1,1,336059.34127110033,105435.1408532044,27149,20210211,20210211,0.27290691475673784,0.6711806877078121,0.055912397535449986,0.5109201270525474,1573837.0,0.2220629170143196,0.7299897648810346,0.047947318104645836,0.5097433964893054,5540727.0,0.07867808219178082,0.6730769230769231,0.8818060606060606,1.0,1,1,1
46803,ZA7,Gauteng,ZA7,Gauteng,ZA797,Ekurhuleni,ZA799,City of Tshwane,2021-02-11,2021-02-19,1,1,1,171743.3981858896,35995.51950812036,677256,20210211,20210219,0.23296733680905687,0.7203157619169479,0.04671690127399521,0.5205474946472306,3739653.0,0.22283079372412132,0.7204843127840075,0.056684893491871245,0.5057337597223363,3627986.0,0.7435109289617486,0.9615384615384616,0.48224212034383956,0.9038461538461539,1,1,1
46804,ZA7,Gauteng,ZA7,Gauteng,ZA748,West Rand,ZA748,West Rand,2021-02-11,2021-02-11,21,18,16,377532.713027252,225353.3906094256,328932,20210211,20210211,0.23154887232085752,0.7207832829912092,0.047667844687933295,0.5288128906961219,856804.0,0.23154887232085752,0.7207832829912092,0.047667844687933295,0.5288128906961219,856804.0,0.23715802469135805,0.8076923076923077,0.23715802469135805,0.8076923076923077,1,1,1
46805,ZA5,KwaZulu-Natal,ZA5,KwaZulu-Natal,ZA523,Uthukela,ZA523,Uthukela,2021-02-11,2021-02-11,3,3,3,87278.45305214584,14883.37668323114,30275,20210211,20210211,0.36014331224838336,0.5864396074090654,0.05341708034255123,0.46782833191779016,652282.0,0.36014331224838336,0.5864396074090654,0.05341708034255123,0.46782833191779016,652282.0,-0.19841226215644822,0.19230769230769232,-0.19841226215644822,0.19230769230769232,1,1,1
46806,ZA2,Eastern Cape,ZA2,Eastern Cape,ZA215,O.R.Tambo,ZA214,Joe Gqabi,2021-02-11,2021-02-18,1,1,1,213450.851364011,106685.97659531316,570448,20210211,20210218,0.38804558548824664,0.5482866433400703,0.06366777117168307,0.4623163104135049,1358678.0,0.3340471849013029,0.5799636495391386,0.08598916555955849,0.47733103958194023,339473.0,-0.23807536101083035,0.1346153846153846,-0.1839776119402985,0.21153846153846154,1,1,1
46807,ZA7,Gauteng,ZA7,Gauteng,ZA799,City of Tshwane,ZA799,City of Tshwane,2021-02-11,2021-02-12,120,120,120,1525304.508167667,1033571.3606550918,7419772,20210211,20210212,0.22283079372412132,0.7204843127840075,0.056684893491871245,0.5057337597223363,3627986.0,0.22283079372412132,0.7204843127840075,0.056684893491871245,0.5057337597223363,3627986.0,0.48224212034383956,0.9038461538461539,0.48224212034383956,0.9038461538461539,1,1,1
46808,ZA7,Gauteng,ZA7,Gauteng,ZA797,Ekurhuleni,ZA797,Ekurhuleni,2021-02-11,2021-02-12,74,74,74,752375.2825508025,493194.0472902505,4706489,20210211,20210212,0.23296733680905687,0.7203157619169479,0.04671690127399521,0.5205474946472306,3739653.0,0.23296733680905687,0.7203157619169479,0.04671690127399521,0.5205474946472306,3739653.0,0.7435109289617486,0.9615384615384616,0.7435109289617486,0.9615384615384616,1,1,1
46809,ZA7,Gauteng,ZA7,Gauteng,ZA798,City of Johannesburg,ZA797,Ekurhuleni,2021-02-11,2021-02-12,2,2,2,79456.19590996421,39828.161949331945,95460,20210211,20210212,0.2220629170143196,0.7299897648810346,0.047947318104645836,0.5097433964893054,5540727.0,0.23296733680905687,0.7203157619169479,0.04671690127399521,0.5205474946472306,3739653.0,0.8818060606060606,1.0,0.7435109289617486,0.9615384615384616,1,1,1
46810,ZA2,Eastern Cape,ZA2,Eastern Cape,ZA293,Nelson Mandela Bay,ZA210,Cacadu,2021-02-11,2021-02-11,1,1,1,105512.10266752008,52440.44036418328,49691,20210211,20210211,0.2465186661259611,0.6842154879637478,0.0692658459102911,0.4877654529777138,1230491.0,0.2618455236218228,0.6571170870354837,0.08103738934269357,0.4975242081945451,491156.0,0.5740514018691588,0.9423076923076923,-0.01848062015503876,0.5,1,1,1
46811,ZA2,Eastern Cape,ZA2,Eastern Cape,ZA293,Nelson Mandela Bay,ZA293,Nelson Mandela Bay,2021-02-11,2021-02-12,35,35,35,1161587.026230528,280619.5606830448,2306823,20210211,20210212,0.2465186661259611,0.6842154879637478,0.0692658459102911,0.4877654529777138,1230491.0,0.2465186661259611,0.6842154879637478,0.0692658459102911,0.4877654529777138,1230491.0,0.5740514018691588,0.9423076923076923,0.5740514018691588,0.9423076923076923,1,1,1
46812,ZA2,Eastern Cape,ZA2,Eastern Cape,ZA292,Buffalo City,ZA292,Buffalo City,2021-02-11,2021-02-12,15,15,15,74628.95666322284,42213.70604950316,951624,20210211,20210212,0.254980022080858,0.6758306608485358,0.06918931707060617,0.48177934914042375,760840.0,0.254980022080858,0.6758306608485358,0.06918931707060617,0.48177934914042375,760840.0,0.09585175879396986,0.6923076923076923,0.09585175879396986,0.6923076923076923,1,1,1
46813,ZA4,Free State,ZA4,Free State,ZA420,Fezile Dabi,ZA420,Fezile Dabi,2021-02-11,2021-02-12,10,10,10,117590.19540593312,100175.26297728022,621630,20210211,20210212,0.2705098118551487,0.6604572122193,0.06903297592555128,0.5050070807202104,494300.0,0.2705098118551487,0.6604572122193,0.06903297592555128,0.5050070807202104,494300.0,0.2276555023923445,0.7884615384615384,0.2276555023923445,0.7884615384615384,1,1,1
46814,ZA5,KwaZulu-Natal,,,ZA595,eThekwini,,,2021-02-11,2021-02-11,1,1,1,4502.132013410718,2251.066006705359,40905,20210211,20210211,0.2446364969883556,0.6990922562931536,0.05627124671849075,0.494610924976595,3587907.0,,,,,,0.5666580406654343,0.9230769230769231,,,1,1,1
46815,ZA1,Western Cape,,,ZA101,West Coast,,,2021-02-11,2021-02-11,1,1,1,4206.207976235973,2103.1039881179863,1828,20210211,20210211,0.24466466325617858,0.6852166396976793,0.0701186970461421,0.5060695297345649,497485.0,,,,,,-0.12079976303317536,0.34615384615384615,,,1,1,1
46816,ZA8,Mpumalanga,ZA8,Mpumalanga,ZA831,Nkangala,ZA831,Nkangala,2021-02-11,2021-02-12,32,32,32,206885.40327517907,179563.2035690893,2137977,20210211,20210212,0.27290691475673784,0.6711806877078121,0.055912397535449986,0.5109201270525474,1573837.0,0.27290691475673784,0.6711806877078121,0.055912397535449986,0.5109201270525474,1573837.0,0.07867808219178082,0.6730769230769231,0.07867808219178082,0.6730769230769231,1,1,1
46817,ZA9,Limpopo,ZA7,Gauteng,ZA936,Waterberg,ZA798,City of Johannesburg,2021-02-11,2021-02-11,1,1,1,397721.4428834408,156718.69937825613,8900,20210211,20210211,0.2870915348782833,0.6477210572390478,0.06518740788266879,0.5138960603357211,718513.0,0.2220629170143196,0.7299897648810346,0.047947318104645836,0.5097433964893054,5540727.0,0.00236898395721925,0.5576923076923077,0.8818060606060606,1.0,1,1,1
46818,ZA3,Nothern Cape,ZA3,Nothern Cape,ZA307,Pixley ka Seme,ZA307,Pixley ka Seme,2021-02-11,2021-02-12,2,2,2,3050.7216229461874,2217.054543722815,138003,20210211,20210212,0.3060749448635213,0.6232332132979509,0.0706918418385278,0.5011842246002923,196331.0,0.3060749448635213,0.6232332132979509,0.0706918418385278,0.5011842246002923,196331.0,0.1854655172413793,0.75,0.1854655172413793,0.75,1,1,1
46819,ZA8,Mpumalanga,ZA8,Mpumalanga,ZA832,Ehlanzeni,ZA832,Ehlanzeni,2021-02-11,2021-02-11,48,34,25,1361842.994370038,596907.4271819199,450958,20210211,20210211,0.32438893780700045,0.6235217992770762,0.05208926291592337,0.47979089412028486,1837538.0,0.32438893780700045,0.6235217992770762,0.05208926291592337,0.47979089412028486,1837538.0,0.1315940928270042,0.7307692307692307,0.1315940928270042,0.7307692307692307,1,1,1
46820,ZA9,Limpopo,ZA9,Limpopo,ZA936,Waterberg,ZA947,Sekhukhune,2021-02-11,2021-02-12,1,1,1,121309.1928398863,60638.5994805771,62003,20210211,20210212,0.2870915348782833,0.6477210572390478,0.06518740788266879,0.5138960603357211,718513.0,0.3536917516859454,0.5707075150199985,0.07560073329405607,0.46486328935523974,1125333.0,0.00236898395721925,0.5576923076923077,-0.06015677966101695,0.4423076923076923,1,1,1
46821,ZA1,Western Cape,ZA1,Western Cape,ZA104,Eden,ZA102,Cape Winelands,2021-02-11,2021-02-11,1,1,1,397398.3564253494,198730.959634655,2329,20210211,20210211,0.24710205256745305,0.6628052101466374,0.09009273728590954,0.4993180863678119,673839.0,0.24989252608235304,0.6902123420738123,0.059895131843834624,0.5011121214086944,909523.0,0.0004522691705790296,0.5384615384615384,-0.012388831437435367,0.5192307692307693,1,1,1
46822,ZA8,Mpumalanga,ZA5,KwaZulu-Natal,ZA830,Gert Sibande,ZA522,Umgungundlovu,2021-02-11,2021-02-11,1,1,1,734617.541819746,366587.67010113696,18623,20210211,20210211,0.30688245639051287,0.6412288994160756,0.05188864419341153,0.49968312815881616,1136106.0,0.2748377359932372,0.663873035280183,0.06128922872657978,0.48236181888519014,1046905.0,-0.11248741610738255,0.36538461538461536,0.0061256544502617805,0.5769230769230769,1,1,1
46823,ZA3,Nothern Cape,ZA3,Nothern Cape,ZA307,Pixley ka Seme,ZA307,Pixley ka Seme,2021-02-11,2021-02-11,1,1,1,1603.7912530934232,833.6670792233717,26936,20210211,20210211,0.3060749448635213,0.6232332132979509,0.0706918418385278,0.5011842246002923,196331.0,0.3060749448635213,0.6232332132979509,0.0706918418385278,0.5011842246002923,196331.0,0.1854655172413793,0.75,0.1854655172413793,0.75,1,1,1
46824,ZA5,KwaZulu-Natal,ZA5,KwaZulu-Natal,ZA595,eThekwini,ZA595,eThekwini,2021-02-11,2021-02-14,1,1,1,136342.6790894812,378.5160057779914,240566,20210211,20210214,0.2446364969883556,0.6990922562931536,0.05627124671849075,0.494610924976595,3587907.0,0.2446364969883556,0.6990922562931536,0.05627124671849075,0.494610924976595,3587907.0,0.5666580406654343,0.9230769230769231,0.5666580406654343,0.9230769230769231,1,1,1
46825,ZA1,Western Cape,ZA1,Western Cape,ZA101,West Coast,ZA101,West Coast,2021-02-11,2021-02-12,10,10,10,120195.80512912586,62246.61181933813,489390,20210211,20210212,0.24466466325617858,0.6852166396976793,0.0701186970461421,0.5060695297345649,497485.0,0.24466466325617858,0.6852166396976793,0.0701186970461421,0.5060695297345649,497485.0,-0.12079976303317536,0.34615384615384615,-0.12079976303317536,0.34615384615384615,1,1,1
46826,ZA3,Nothern Cape,ZA6,North West,ZA309,Frances Baard,ZA639,Dr Ruth Segomotsi Mompati,2021-02-11,2021-02-11,1,1,1,30281.87777538485,14817.34355237908,20051,20210211,20210211,0.2860169290028057,0.6497360787483951,0.06424699224879928,0.49189928194398214,420580.0,0.3412335579082451,0.5850872971649528,0.07367914492680208,0.4911837461796937,473784.0,0.29907801418439717,0.8846153846153846,-0.16626678765880218,0.2692307692307692,1,1,1
46827,ZA7,Gauteng,ZA6,North West,ZA799,City of Tshwane,ZA637,Bojanala,2021-02-11,2021-02-11,4,4,4,445695.4409931605,211371.4192067349,38458,20210211,20210211,0.22283079372412132,0.7204843127840075,0.056684893491871245,0.5057337597223363,3627986.0,0.25082919250139085,0.6903465537718604,0.05882425372674875,0.5380589003726469,1786678.0,0.48224212034383956,0.9038461538461539,0.07430676328502415,0.6538461538461539,1,1,1
46828,ZA6,North West,ZA7,Gauteng,ZA637,Bojanala,ZA799,City of Tshwane,2021-02-11,2021-02-11,3,3,3,376532.8663572604,110666.86005311538,24236,20210211,20210211,0.25082919250139085,0.6903465537718604,0.05882425372674875,0.5380589003726469,1786678.0,0.22283079372412132,0.7204843127840075,0.056684893491871245,0.5057337597223363,3627986.0,0.07430676328502415,0.6538461538461539,0.48224212034383956,0.9038461538461539,1,1,1
46829,ZA2,Eastern Cape,ZA2,Eastern Cape,ZA215,O.R.Tambo,ZA215,O.R.Tambo,2021-02-11,2021-02-12,9,9,9,87076.80787180197,77965.64996795979,626106,20210211,20210212,0.38804558548824664,0.5482866433400703,0.06366777117168307,0.4623163104135049,1358678.0,0.38804558548824664,0.5482866433400703,0.06366777117168307,0.4623163104135049,1358678.0,-0.23807536101083035,0.1346153846153846,-0.23807536101083035,0.1346153846153846,1,1,1
46830,ZA1,Western Cape,ZA1,Western Cape,ZA102,Cape Winelands,ZA191,City of Cape Town,2021-02-11,2021-02-12,1,1,1,45690.48159794029,22819.181953475974,62298,20210211,20210212,0.24989252608235304,0.6902123420738123,0.059895131843834624,0.5011121214086944,909523.0,0.23849582985172932,0.697186217784503,0.06431795236376775,0.4976008771049945,4436413.0,-0.012388831437435367,0.5192307692307693,0.7687640750670242,0.9807692307692307,1,1,1
46831,ZA7,Gauteng,ZA7,Gauteng,ZA798,City of Johannesburg,ZA748,West Rand,2021-02-11,2021-02-11,7,6,6,285063.9401035411,110529.86048032308,56640,20210211,20210211,0.2220629170143196,0.7299897648810346,0.047947318104645836,0.5097433964893054,5540727.0,0.23154887232085752,0.7207832829912092,0.047667844687933295,0.5288128906961219,856804.0,0.8818060606060606,1.0,0.23715802469135805,0.8076923076923077,1,1,1
46832,ZA5,KwaZulu-Natal,ZA5,KwaZulu-Natal,ZA528,Uthungulu,ZA528,Uthungulu,2021-02-11,2021-02-11,14,11,10,165792.8058156791,61511.439402953016,193647,20210211,20210211,0.3398562749304085,0.6096443299200878,0.05049939514950375,0.4759701217345943,889476.0,0.3398562749304085,0.6096443299200878,0.05049939514950375,0.4759701217345943,889476.0,-0.2202014106583072,0.15384615384615385,-0.2202014106583072,0.15384615384615385,1,1,1
46833,ZA5,KwaZulu-Natal,ZA5,KwaZulu-Natal,ZA595,eThekwini,ZA529,iLembe,2021-02-11,2021-02-12,1,1,1,71253.20513013143,35626.60256506572,47133,20210211,20210212,0.2446364969883556,0.6990922562931536,0.05627124671849075,0.494610924976595,3587907.0,0.32390440311621094,0.6202867780885334,0.05580881879525565,0.4827645772056803,636799.0,0.5666580406654343,0.9230769230769231,-0.14951617873651774,0.28846153846153844,1,1,1
46834,ZA5,KwaZulu-Natal,ZA5,KwaZulu-Natal,ZA529,iLembe,ZA528,Uthungulu,2021-02-11,2021-02-11,1,1,1,190683.826224918,95341.72210203164,34940,20210211,20210211,0.32390440311621094,0.6202867780885334,0.05580881879525565,0.4827645772056803,636799.0,0.3398562749304085,0.6096443299200878,0.05049939514950375,0.4759701217345943,889476.0,-0.14951617873651774,0.28846153846153844,-0.2202014106583072,0.15384615384615385,1,1,1
46835,ZA1,Western Cape,ZA1,Western Cape,ZA104,Eden,ZA104,Eden,2021-02-11,2021-02-11,10,9,9,135128.3479110721,71678.06848227477,227249,20210211,20210211,0.24710205256745305,0.6628052101466374,0.09009273728590954,0.4993180863678119,673839.0,0.24710205256745305,0.6628052101466374,0.09009273728590954,0.4993180863678119,673839.0,0.0004522691705790296,0.5384615384615384,0.0004522691705790296,0.5384615384615384,1,1,1
46836,ZA1,Western Cape,ZA1,Western Cape,ZA191,City of Cape Town,ZA101,West Coast,2021-02-11,2021-02-11,1,1,1,96853.88128011089,48425.17182794791,15294,20210211,20210211,0.23849582985172932,0.697186217784503,0.06431795236376775,0.4976008771049945,4436413.0,0.24466466325617858,0.6852166396976793,0.0701186970461421,0.5060695297345649,497485.0,0.7687640750670242,0.9807692307692307,-0.12079976303317536,0.34615384615384615,1,1,1
46837,ZA4,Free State,ZA4,Free State,ZA419,Thabo Mofutsanyane,ZA419,Thabo Mofutsanyane,2021-02-11,2021-02-12,4,4,4,29108.943941269463,15423.340998295516,267910,20210211,20210212,0.31143326559338835,0.6251823622683981,0.06338437213821363,0.47028720831466336,662829.0,0.31143326559338835,0.6251823622683981,0.06338437213821363,0.47028720831466336,662829.0,0.10770218579234972,0.7115384615384616,0.10770218579234972,0.7115384615384616,1,1,1
46838,ZA3,Nothern Cape,ZA3,Nothern Cape,ZA309,Frances Baard,ZA309,Frances Baard,2021-02-11,2021-02-12,11,11,11,68532.7949686962,52835.73974410428,774512,20210211,20210212,0.2860169290028057,0.6497360787483951,0.06424699224879928,0.49189928194398214,420580.0,0.2860169290028057,0.6497360787483951,0.06424699224879928,0.49189928194398214,420580.0,0.29907801418439717,0.8846153846153846,0.29907801418439717,0.8846153846153846,1,1,1
46839,ZA1,Western Cape,ZA1,Western Cape,ZA191,City of Cape Town,ZA102,Cape Winelands,2021-02-11,2021-02-11,1,1,1,45690.48159794029,22871.29964446432,23849,20210211,20210211,0.23849582985172932,0.697186217784503,0.06431795236376775,0.4976008771049945,4436413.0,0.24989252608235304,0.6902123420738123,0.059895131843834624,0.5011121214086944,909523.0,0.7687640750670242,0.9807692307692307,-0.012388831437435367,0.5192307692307693,1,1,1
46840,ZA7,Gauteng,ZA8,Mpumalanga,ZA742,Sedibeng,ZA830,Gert Sibande,2021-02-11,2021-02-11,1,1,1,86175.18300068402,86175.18300068402,24616,20210211,20210211,0.24393339879416723,0.6953819961266214,0.06068460507921129,0.5059130831550246,994997.0,0.30688245639051287,0.6412288994160756,0.05188864419341153,0.49968312815881616,1136106.0,0.2808379746835443,0.8461538461538461,-0.11248741610738255,0.36538461538461536,1,1,1
46841,ZA1,Western Cape,ZA1,Western Cape,ZA102,Cape Winelands,ZA191,City of Cape Town,2021-02-11,2021-02-11,2,2,2,66702.87645264927,49572.22777225717,4752,20210211,20210211,0.24989252608235304,0.6902123420738123,0.059895131843834624,0.5011121214086944,909523.0,0.23849582985172932,0.697186217784503,0.06431795236376775,0.4976008771049945,4436413.0,-0.012388831437435367,0.5192307692307693,0.7687640750670242,0.9807692307692307,1,1,1
46842,ZA1,Western Cape,ZA1,Western Cape,ZA102,Cape Winelands,ZA102,Cape Winelands,2021-02-11,2021-02-11,45,34,29,675098.4627316337,298298.0320339328,417122,20210211,20210211,0.24989252608235304,0.6902123420738123,0.059895131843834624,0.5011121214086944,909523.0,0.24989252608235304,0.6902123420738123,0.059895131843834624,0.5011121214086944,909523.0,-0.012388831437435367,0.5192307692307693,-0.012388831437435367,0.5192307692307693,1,1,1
46843,ZA9,Limpopo,ZA9,Limpopo,ZA933,Mopani,ZA933,Mopani,2021-02-11,2021-02-12,5,5,5,42343.378573165886,32824.619084058104,357948,20210211,20210212,0.3329418650827259,0.6026296126910996,0.06442852222617454,0.46142626187343905,1062666.0,0.3329418650827259,0.6026296126910996,0.06442852222617454,0.46142626187343905,1062666.0,-0.037928345626975765,0.4807692307692308,-0.037928345626975765,0.4807692307692308,1,1,1
46844,ZA8,Mpumalanga,ZA8,Mpumalanga,ZA832,Ehlanzeni,ZA832,Ehlanzeni,2021-02-11,2021-02-12,23,23,23,1547517.4833878716,907639.5901711028,1475665,20210211,20210212,0.32438893780700045,0.6235217992770762,0.05208926291592337,0.47979089412028486,1837538.0,0.32438893780700045,0.6235217992770762,0.05208926291592337,0.47979089412028486,1837538.0,0.1315940928270042,0.7307692307692307,0.1315940928270042,0.7307692307692307,1,1,1
46845,ZA4,Free State,ZA4,Free State,ZA494,Mangaung,ZA420,Fezile Dabi,2021-02-11,2021-02-11,1,1,1,307177.8630709444,307177.8630709444,44036,20210211,20210211,0.26262942751272955,0.6754982029249197,0.06187236956235082,0.4901411892511804,826621.0,0.2705098118551487,0.6604572122193,0.06903297592555128,0.5050070807202104,494300.0,0.27329104477611943,0.8269230769230769,0.2276555023923445,0.7884615384615384,1,1,1
46847,ZA2,Eastern Cape,ZA5,KwaZulu-Natal,ZA244,Alfred Nzo,ZA543,Sisonke,2021-02-11,2021-02-11,1,1,1,113892.75181446163,113892.75181446163,36284,20210211,20210211,0.40782127157510134,0.5221222097470932,0.07005651867780548,0.4576553946475353,788235.0,0.37293146983899067,0.5707096800166399,0.05635885014436937,0.4671305273563743,447117.0,-0.27396673320026615,0.11538461538461539,-0.2112274881516588,0.17307692307692307,1,1,1
46848,ZA8,Mpumalanga,ZA8,Mpumalanga,ZA831,Nkangala,ZA831,Nkangala,2021-02-11,2021-02-11,45,30,25,431436.0508137312,154419.6253453253,485257,20210211,20210211,0.27290691475673784,0.6711806877078121,0.055912397535449986,0.5109201270525474,1573837.0,0.27290691475673784,0.6711806877078121,0.055912397535449986,0.5109201270525474,1573837.0,0.07867808219178082,0.6730769230769231,0.07867808219178082,0.6730769230769231,1,1,1
46849,ZA4,Free State,ZA5,KwaZulu-Natal,ZA419,Thabo Mofutsanyane,ZA523,Uthukela,2021-02-11,2021-02-11,1,1,1,67009.23358786678,32743.540656516987,3165,20210211,20210211,0.31143326559338835,0.6251823622683981,0.06338437213821363,0.47028720831466336,662829.0,0.36014331224838336,0.5864396074090654,0.05341708034255123,0.46782833191779016,652282.0,0.10770218579234972,0.7115384615384616,-0.19841226215644822,0.19230769230769232,1,1,1
46850,ZA7,Gauteng,ZA6,North West,ZA797,Ekurhuleni,ZA637,Bojanala,2021-02-11,2021-02-11,1,1,1,126427.3822225212,63314.51498344923,30870,20210211,20210211,0.23296733680905687,0.7203157619169479,0.04671690127399521,0.5205474946472306,3739653.0,0.25082919250139085,0.6903465537718604,0.05882425372674875,0.5380589003726469,1786678.0,0.7435109289617486,0.9615384615384616,0.07430676328502415,0.6538461538461539,1,1,1
46851,ZA7,Gauteng,ZA7,Gauteng,ZA798,City of Johannesburg,ZA798,City of Johannesburg,2021-02-11,2021-02-11,261,175,150,4779556.333699859,1380499.9945537264,2556883,20210211,20210211,0.2220629170143196,0.7299897648810346,0.047947318104645836,0.5097433964893054,5540727.0,0.2220629170143196,0.7299897648810346,0.047947318104645836,0.5097433964893054,5540727.0,0.8818060606060606,1.0,0.8818060606060606,1.0,1,1,1
46852,ZA7,Gauteng,ZA7,Gauteng,ZA797,Ekurhuleni,ZA742,Sedibeng,2021-02-11,2021-02-11,3,3,3,303682.00819562614,152581.4744233833,49408,20210211,20210211,0.23296733680905687,0.7203157619169479,0.04671690127399521,0.5205474946472306,3739653.0,0.24393339879416723,0.6953819961266214,0.06068460507921129,0.5059130831550246,994997.0,0.7435109289617486,0.9615384615384616,0.2808379746835443,0.8461538461538461,1,1,1
46853,ZA2,Eastern Cape,ZA2,Eastern Cape,ZA215,O.R.Tambo,ZA215,O.R.Tambo,2021-02-11,2021-02-11,2,2,2,71913.49758737095,63224.53790768372,43538,20210211,20210211,0.38804558548824664,0.5482866433400703,0.06366777117168307,0.4623163104135049,1358678.0,0.38804558548824664,0.5482866433400703,0.06366777117168307,0.4623163104135049,1358678.0,-0.23807536101083035,0.1346153846153846,-0.23807536101083035,0.1346153846153846,1,1,1
46854,ZA2,Eastern Cape,ZA2,Eastern Cape,ZA212,Amathole,ZA212,Amathole,2021-02-11,2021-02-12,3,3,3,43496.99034151173,37702.42963880724,188704,20210211,20210212,0.32816698449842097,0.5696178168124134,0.1022151986891656,0.47434426623917664,789726.0,0.32816698449842097,0.5696178168124134,0.1022151986891656,0.47434426623917664,789726.0,-0.3192883211678832,0.019230769230769232,-0.3192883211678832,0.019230769230769232,1,1,1
46855,ZA1,Western Cape,ZA1,Western Cape,ZA103,Overberg,ZA103,Overberg,2021-02-11,2021-02-12,7,7,7,30979.44944174219,17631.97823657279,381221,20210211,20210212,0.22836513904770692,0.6721314716747349,0.09950338927755827,0.511077351980676,303457.0,0.22836513904770692,0.6721314716747349,0.09950338927755827,0.511077351980676,303457.0,0.051486772486772484,0.5961538461538461,0.051486772486772484,0.5961538461538461,1,1,1
46856,ZA7,Gauteng,ZA6,North West,ZA798,City of Johannesburg,ZA637,Bojanala,2021-02-11,2021-02-11,1,1,1,79366.64744693694,79366.64744693694,26662,20210211,20210211,0.2220629170143196,0.7299897648810346,0.047947318104645836,0.5097433964893054,5540727.0,0.25082919250139085,0.6903465537718604,0.05882425372674875,0.5380589003726469,1786678.0,0.8818060606060606,1.0,0.07430676328502415,0.6538461538461539,1,1,1
46857,ZA5,KwaZulu-Natal,ZA5,KwaZulu-Natal,ZA526,Zululand,ZA526,Zululand,2021-02-11,2021-02-12,3,3,3,9335.035178228203,5413.207582391017,185588,20210211,20210212,0.392497537624586,0.5542130860581069,0.053289376317307055,0.4651401640222711,783796.0,0.392497537624586,0.5542130860581069,0.053289376317307055,0.4651401640222711,783796.0,-0.2762355212355212,0.09615384615384616,-0.2762355212355212,0.09615384615384616,1,1,1
46858,ZA7,Gauteng,ZA7,Gauteng,ZA797,Ekurhuleni,ZA742,Sedibeng,2021-02-11,2021-02-12,2,2,2,73510.17812626001,36755.08888369381,87270,20210211,20210212,0.23296733680905687,0.7203157619169479,0.04671690127399521,0.5205474946472306,3739653.0,0.24393339879416723,0.6953819961266214,0.06068460507921129,0.5059130831550246,994997.0,0.7435109289617486,0.9615384615384616,0.2808379746835443,0.8461538461538461,1,1,1
46859,ZA2,Eastern Cape,ZA2,Eastern Cape,ZA214,Joe Gqabi,ZA214,Joe Gqabi,2021-02-11,2021-02-14,1,1,1,315745.6899184338,5129.543823816348,237126,20210211,20210214,0.3340471849013029,0.5799636495391386,0.08598916555955849,0.47733103958194023,339473.0,0.3340471849013029,0.5799636495391386,0.08598916555955849,0.47733103958194023,339473.0,-0.1839776119402985,0.21153846153846154,-0.1839776119402985,0.21153846153846154,1,1,1
46860,ZA1,Western Cape,ZA1,Western Cape,ZA191,City of Cape Town,ZA101,West Coast,2021-02-11,2021-02-12,1,1,1,91190.48987702512,45595.244938512566,71798,20210211,20210212,0.23849582985172932,0.697186217784503,0.06431795236376775,0.4976008771049945,4436413.0,0.24466466325617858,0.6852166396976793,0.0701186970461421,0.5060695297345649,497485.0,0.7687640750670242,0.9807692307692307,-0.12079976303317536,0.34615384615384615,1,1,1
46861,ZA7,Gauteng,ZA4,Free State,ZA742,Sedibeng,ZA420,Fezile Dabi,2021-02-11,2021-02-12,1,1,1,300176.45821847394,206464.38900995167,36250,20210211,20210212,0.24393339879416723,0.6953819961266214,0.06068460507921129,0.5059130831550246,994997.0,0.2705098118551487,0.6604572122193,0.06903297592555128,0.5050070807202104,494300.0,0.2808379746835443,0.8461538461538461,0.2276555023923445,0.7884615384615384,1,1,1
46862,ZA1,Western Cape,ZA1,Western Cape,ZA191,City of Cape Town,ZA191,City of Cape Town,2021-02-11,2021-02-11,273,192,167,5240266.4330911,1959455.904988935,3527020,20210211,20210211,0.23849582985172932,0.697186217784503,0.06431795236376775,0.4976008771049945,4436413.0,0.23849582985172932,0.697186217784503,0.06431795236376775,0.4976008771049945,4436413.0,0.7687640750670242,0.9807692307692307,0.7687640750670242,0.9807692307692307,1,1,1
46863,ZA9,Limpopo,ZA9,Limpopo,ZA934,Vhembe,ZA934,Vhembe,2021-02-11,2021-02-11,22,16,11,261686.93103271467,136825.4573966819,387493,20210211,20210211,0.3433867460978093,0.5887604530714541,0.06785280083073665,0.4597374214109392,1325089.0,0.3433867460978093,0.5887604530714541,0.06785280083073665,0.4597374214109392,1325089.0,-0.0767829596412556,0.4230769230769231,-0.0767829596412556,0.4230769230769231,1,1,1
46864,ZA7,Gauteng,ZA7,Gauteng,ZA797,Ekurhuleni,ZA799,City of Tshwane,2021-02-11,2021-02-11,2,2,2,178219.33914740535,85573.10014418265,36044,20210211,20210211,0.23296733680905687,0.7203157619169479,0.04671690127399521,0.5205474946472306,3739653.0,0.22283079372412132,0.7204843127840075,0.056684893491871245,0.5057337597223363,3627986.0,0.7435109289617486,0.9615384615384616,0.48224212034383956,0.9038461538461539,1,1,1
46865,ZA2,Eastern Cape,ZA2,Eastern Cape,ZA292,Buffalo City,ZA292,Buffalo City,2021-02-11,2021-02-11,21,19,16,287217.47036117374,157081.2275248525,313680,20210211,20210211,0.254980022080858,0.6758306608485358,0.06918931707060617,0.48177934914042375,760840.0,0.254980022080858,0.6758306608485358,0.06918931707060617,0.48177934914042375,760840.0,0.09585175879396986,0.6923076923076923,0.09585175879396986,0.6923076923076923,1,1,1
46866,ZA5,KwaZulu-Natal,ZA5,KwaZulu-Natal,ZA529,iLembe,ZA595,eThekwini,2021-02-11,2021-02-11,3,3,3,283274.1332851567,191764.97790030227,67985,20210211,20210211,0.32390440311621094,0.6202867780885334,0.05580881879525565,0.4827645772056803,636799.0,0.2446364969883556,0.6990922562931536,0.05627124671849075,0.494610924976595,3587907.0,-0.14951617873651774,0.28846153846153844,0.5666580406654343,0.9230769230769231,1,1,1
46867,ZA7,Gauteng,ZA7,Gauteng,ZA742,Sedibeng,ZA742,Sedibeng,2021-02-11,2021-02-11,25,21,19,660686.7580806193,378424.98372623546,317423,20210211,20210211,0.24393339879416723,0.6953819961266214,0.06068460507921129,0.5059130831550246,994997.0,0.24393339879416723,0.6953819961266214,0.06068460507921129,0.5059130831550246,994997.0,0.2808379746835443,0.8461538461538461,0.2808379746835443,0.8461538461538461,1,1,1
46868,ZA7,Gauteng,ZA7,Gauteng,ZA742,Sedibeng,ZA797,Ekurhuleni,2021-02-11,2021-02-12,1,1,1,44793.50759436565,22396.753797182824,54849,20210211,20210212,0.24393339879416723,0.6953819961266214,0.06068460507921129,0.5059130831550246,994997.0,0.23296733680905687,0.7203157619169479,0.04671690127399521,0.5205474946472306,3739653.0,0.2808379746835443,0.8461538461538461,0.7435109289617486,0.9615384615384616,1,1,1
46869,ZA2,Eastern Cape,ZA2,Eastern Cape,ZA213,Chris Hani,ZA213,Chris Hani,2021-02-11,2021-02-12,3,3,3,42103.40910611943,37819.52550097645,218527,20210211,20210212,0.334940582305372,0.572656560540376,0.09240285715425203,0.478383232498069,752217.0,0.334940582305372,0.572656560540376,0.09240285715425203,0.478383232498069,752217.0,-0.29251697892271666,0.057692307692307696,-0.29251697892271666,0.057692307692307696,1,1,1
46870,ZA2,Eastern Cape,ZA2,Eastern Cape,ZA212,Amathole,ZA215,O.R.Tambo,2021-02-11,2021-02-19,1,1,1,187953.66313885717,88273.10071278882,700821,20210211,20210219,0.32816698449842097,0.5696178168124134,0.1022151986891656,0.47434426623917664,789726.0,0.38804558548824664,0.5482866433400703,0.06366777117168307,0.4623163104135049,1358678.0,-0.3192883211678832,0.019230769230769232,-0.23807536101083035,0.1346153846153846,1,1,1
46871,ZA2,Eastern Cape,ZA2,Eastern Cape,ZA244,Alfred Nzo,ZA244,Alfred Nzo,2021-02-11,2021-02-12,1,1,1,13531.60663724344,6095.067056550067,46784,20210211,20210212,0.40782127157510134,0.5221222097470932,0.07005651867780548,0.4576553946475353,788235.0,0.40782127157510134,0.5221222097470932,0.07005651867780548,0.4576553946475353,788235.0,-0.27396673320026615,0.11538461538461539,-0.27396673320026615,0.11538461538461539,1,1,1
46872,ZA5,KwaZulu-Natal,ZA5,KwaZulu-Natal,ZA527,Umkhanyakude,ZA527,Umkhanyakude,2021-02-11,2021-02-11,1,1,1,7869.304903007602,3934.652451503801,37853,20210211,20210211,0.40017378652548197,0.5489306999026919,0.05089551357182606,0.4622270789873748,643318.0,0.40017378652548197,0.5489306999026919,0.05089551357182606,0.4622270789873748,643318.0,-0.31784377542717657,0.038461538461538464,-0.31784377542717657,0.038461538461538464,1,1,1
46873,ZA2,Eastern Cape,ZA2,Eastern Cape,ZA210,Cacadu,ZA210,Cacadu,2021-02-11,2021-02-12,2,2,2,1182.454335867562,949.0510901804683,92633,20210211,20210212,0.2618455236218228,0.6571170870354837,0.08103738934269357,0.4975242081945451,491156.0,0.2618455236218228,0.6571170870354837,0.08103738934269357,0.4975242081945451,491156.0,-0.01848062015503876,0.5,-0.01848062015503876,0.5,1,1,1
46874,ZA2,Eastern Cape,ZA2,Eastern Cape,ZA293,Nelson Mandela Bay,ZA210,Cacadu,2021-02-11,2021-02-14,1,1,1,74537.84520937278,73661.29287172125,241116,20210211,20210214,0.2465186661259611,0.6842154879637478,0.0692658459102911,0.4877654529777138,1230491.0,0.2618455236218228,0.6571170870354837,0.08103738934269357,0.4975242081945451,491156.0,0.5740514018691588,0.9423076923076923,-0.01848062015503876,0.5,1,1,1
46875,ZA7,Gauteng,ZA7,Gauteng,ZA798,City of Johannesburg,ZA742,Sedibeng,2021-02-11,2021-02-11,1,1,1,64727.65804422696,32384.140478243247,6942,20210211,20210211,0.2220629170143196,0.7299897648810346,0.047947318104645836,0.5097433964893054,5540727.0,0.24393339879416723,0.6953819961266214,0.06068460507921129,0.5059130831550246,994997.0,0.8818060606060606,1.0,0.2808379746835443,0.8461538461538461,1,1,1
46876,ZA1,Western Cape,ZA1,Western Cape,ZA101,West Coast,ZA191,City of Cape Town,2021-02-11,2021-02-11,2,2,2,177762.3866821997,88680.66357287618,39290,20210211,20210211,0.24466466325617858,0.6852166396976793,0.0701186970461421,0.5060695297345649,497485.0,0.23849582985172932,0.697186217784503,0.06431795236376775,0.4976008771049945,4436413.0,-0.12079976303317536,0.34615384615384615,0.7687640750670242,0.9807692307692307,1,1,1
46877,ZA3,Nothern Cape,ZA3,Nothern Cape,ZA308,Z F Mgcawu,ZA308,Z F Mgcawu,2021-02-11,2021-02-12,3,3,3,4660.982671621259,3724.4179220077062,182586,20210211,20210212,0.27601757542529287,0.6641943181028425,0.059788106471864645,0.5142626583989065,258998.0,0.27601757542529287,0.6641943181028425,0.059788106471864645,0.5142626583989065,258998.0,-0.04016603773584906,0.46153846153846156,-0.04016603773584906,0.46153846153846156,1,1,1
46878,ZA6,North West,ZA6,North West,ZA637,Bojanala,ZA637,Bojanala,2021-02-11,2021-02-12,18,18,18,359081.2384698633,241943.05635810943,1116004,20210211,20210212,0.25082919250139085,0.6903465537718604,0.05882425372674875,0.5380589003726469,1786678.0,0.25082919250139085,0.6903465537718604,0.05882425372674875,0.5380589003726469,1786678.0,0.07430676328502415,0.6538461538461539,0.07430676328502415,0.6538461538461539,1,1,1
46879,ZA7,Gauteng,ZA7,Gauteng,ZA799,City of Tshwane,ZA797,Ekurhuleni,2021-02-11,2021-02-12,2,2,2,178219.33914740535,85558.12700355526,107891,20210211,20210212,0.22283079372412132,0.7204843127840075,0.056684893491871245,0.5057337597223363,3627986.0,0.23296733680905687,0.7203157619169479,0.04671690127399521,0.5205474946472306,3739653.0,0.48224212034383956,0.9038461538461539,0.7435109289617486,0.9615384615384616,1,1,1
46880,ZA7,Gauteng,ZA7,Gauteng,ZA798,City of Johannesburg,ZA799,City of Tshwane,2021-02-11,2021-02-11,8,8,8,417117.1177697728,261458.7153567024,91980,20210211,20210211,0.2220629170143196,0.7299897648810346,0.047947318104645836,0.5097433964893054,5540727.0,0.22283079372412132,0.7204843127840075,0.056684893491871245,0.5057337597223363,3627986.0,0.8818060606060606,1.0,0.48224212034383956,0.9038461538461539,1,1,1
46881,ZA5,KwaZulu-Natal,ZA5,KwaZulu-Natal,ZA595,eThekwini,ZA522,Umgungundlovu,2021-02-11,2021-02-11,1,1,1,143823.87796453142,75471.30264294209,23835,20210211,20210211,0.2446364969883556,0.6990922562931536,0.05627124671849075,0.494610924976595,3587907.0,0.2748377359932372,0.663873035280183,0.06128922872657978,0.48236181888519014,1046905.0,0.5666580406654343,0.9230769230769231,0.0061256544502617805,0.5769230769230769,1,1,1
46882,ZA3,Nothern Cape,ZA3,Nothern Cape,ZA345,John Taolo Gaetsewe,ZA345,John Taolo Gaetsewe,2021-02-11,2021-02-11,3,3,3,265875.0013015232,39474.45654067267,60233,20210211,20210211,0.31986957060536586,0.628082594956317,0.05204783443831712,0.4959027820806741,258224.0,0.31986957060536586,0.628082594956317,0.05204783443831712,0.4959027820806741,258224.0,-0.13480926430517712,0.3076923076923077,-0.13480926430517712,0.3076923076923077,1,1,1
46883,ZA5,KwaZulu-Natal,ZA5,KwaZulu-Natal,ZA595,eThekwini,ZA595,eThekwini,2021-02-11,2021-02-11,146,107,95,2556522.1590307225,1092168.43419565,1764514,20210211,20210211,0.2446364969883556,0.6990922562931536,0.05627124671849075,0.494610924976595,3587907.0,0.2446364969883556,0.6990922562931536,0.05627124671849075,0.494610924976595,3587907.0,0.5666580406654343,0.9230769230769231,0.5666580406654343,0.9230769230769231,1,1,1
46884,ZA7,Gauteng,ZA9,Limpopo,ZA799,City of Tshwane,ZA936,Waterberg,2021-02-11,2021-02-11,1,1,1,237428.4306189001,237428.4306189001,37217,20210211,20210211,0.22283079372412132,0.7204843127840075,0.056684893491871245,0.5057337597223363,3627986.0,0.2870915348782833,0.6477210572390478,0.06518740788266879,0.5138960603357211,718513.0,0.48224212034383956,0.9038461538461539,0.00236898395721925,0.5576923076923077,1,1,1
46885,ZA6,North West,ZA3,Nothern Cape,ZA639,Dr Ruth Segomotsi Mompati,ZA309,Frances Baard,2021-02-11,2021-02-12,1,1,1,30281.87777538485,15109.52361504907,44917,20210211,20210212,0.3412335579082451,0.5850872971649528,0.07367914492680208,0.4911837461796937,473784.0,0.2860169290028057,0.6497360787483951,0.06424699224879928,0.49189928194398214,420580.0,-0.16626678765880218,0.2692307692307692,0.29907801418439717,0.8846153846153846,1,1,1
46886,ZA7,Gauteng,ZA7,Gauteng,ZA799,City of Tshwane,ZA798,City of Johannesburg,2021-02-11,2021-02-11,8,8,8,574126.4823966047,377625.3572289916,120677,20210211,20210211,0.22283079372412132,0.7204843127840075,0.056684893491871245,0.5057337597223363,3627986.0,0.2220629170143196,0.7299897648810346,0.047947318104645836,0.5097433964893054,5540727.0,0.48224212034383956,0.9038461538461539,0.8818060606060606,1.0,1,1,1
46887,ZA7,Gauteng,ZA7,Gauteng,ZA799,City of Tshwane,ZA799,City of Tshwane,2021-02-11,2021-02-11,186,146,134,4222210.175252934,1286015.8470525283,2230699,20210211,20210211,0.22283079372412132,0.7204843127840075,0.056684893491871245,0.5057337597223363,3627986.0,0.22283079372412132,0.7204843127840075,0.056684893491871245,0.5057337597223363,3627986.0,0.48224212034383956,0.9038461538461539,0.48224212034383956,0.9038461538461539,1,1,1
46888,ZA1,Western Cape,ZA1,Western Cape,ZA103,Overberg,ZA101,West Coast,2021-02-11,2021-02-12,1,1,1,774696.1262674031,344732.9891249536,57600,20210211,20210212,0.22836513904770692,0.6721314716747349,0.09950338927755827,0.511077351980676,303457.0,0.24466466325617858,0.6852166396976793,0.0701186970461421,0.5060695297345649,497485.0,0.051486772486772484,0.5961538461538461,-0.12079976303317536,0.34615384615384615,1,1,1
46889,ZA7,Gauteng,ZA1,Western Cape,ZA798,City of Johannesburg,ZA101,West Coast,2021-02-11,2021-02-15,1,1,1,1379560.7163023753,1379560.7163023753,322864,20210211,20210215,0.2220629170143196,0.7299897648810346,0.047947318104645836,0.5097433964893054,5540727.0,0.24466466325617858,0.6852166396976793,0.0701186970461421,0.5060695297345649,497485.0,0.8818060606060606,1.0,-0.12079976303317536,0.34615384615384615,1,1,1
46890,ZA9,Limpopo,ZA9,Limpopo,ZA936,Waterberg,ZA936,Waterberg,2021-02-11,2021-02-11,25,22,12,333059.3318534019,278768.24185213336,221039,20210211,20210211,0.2870915348782833,0.6477210572390478,0.06518740788266879,0.5138960603357211,718513.0,0.2870915348782833,0.6477210572390478,0.06518740788266879,0.5138960603357211,718513.0,0.00236898395721925,0.5576923076923077,0.00236898395721925,0.5576923076923077,1,1,1
46891,ZA4,Free State,ZA4,Free State,ZA416,Xhariep,ZA416,Xhariep,2021-02-11,2021-02-12,1,1,1,3554.524805210948,3554.524805210948,55648,20210211,20210212,0.29515218562959183,0.6325513667867511,0.07229644758365718,0.5005153225730198,105759.0,0.29515218562959183,0.6325513667867511,0.07229644758365718,0.5005153225730198,105759.0,0.18671264367816093,0.7692307692307693,0.18671264367816093,0.7692307692307693,1,1,1
46892,ZA2,Eastern Cape,ZA2,Eastern Cape,ZA293,Nelson Mandela Bay,ZA213,Chris Hani,2021-02-11,2021-02-11,1,1,1,553483.5092488698,297056.7996094309,30881,20210211,20210211,0.2465186661259611,0.6842154879637478,0.0692658459102911,0.4877654529777138,1230491.0,0.334940582305372,0.572656560540376,0.09240285715425203,0.478383232498069,752217.0,0.5740514018691588,0.9423076923076923,-0.29251697892271666,0.057692307692307696,1,1,1
46893,ZA4,Free State,ZA4,Free State,ZA418,Lejweleputswa,ZA418,Lejweleputswa,2021-02-11,2021-02-14,1,1,1,174395.26466528044,86458.92769588169,248556,20210211,20210214,0.27941650281351393,0.6617931601395349,0.058790337046951115,0.500105365269169,574193.0,0.27941650281351393,0.6617931601395349,0.058790337046951115,0.500105365269169,574193.0,0.29495049504950493,0.8653846153846154,0.29495049504950493,0.8653846153846154,1,1,1
46894,ZA7,Gauteng,ZA7,Gauteng,ZA748,West Rand,ZA798,City of Johannesburg,2021-02-11,2021-02-11,10,10,10,947673.53158268,684551.1094503921,166123,20210211,20210211,0.23154887232085752,0.7207832829912092,0.047667844687933295,0.5288128906961219,856804.0,0.2220629170143196,0.7299897648810346,0.047947318104645836,0.5097433964893054,5540727.0,0.23715802469135805,0.8076923076923077,0.8818060606060606,1.0,1,1,1
46895,ZA4,Free State,ZA4,Free State,ZA418,Lejweleputswa,ZA418,Lejweleputswa,2021-02-11,2021-02-12,3,3,3,37123.499616851615,24263.863168855594,237349,20210211,20210212,0.27941650281351393,0.6617931601395349,0.058790337046951115,0.500105365269169,574193.0,0.27941650281351393,0.6617931601395349,0.058790337046951115,0.500105365269169,574193.0,0.29495049504950493,0.8653846153846154,0.29495049504950493,0.8653846153846154,1,1,1
46896,ZA5,KwaZulu-Natal,ZA5,KwaZulu-Natal,ZA528,Uthungulu,ZA528,Uthungulu,2021-02-11,2021-02-15,1,1,1,18484.677883117856,702.153329198266,334770,20210211,20210215,0.3398562749304085,0.6096443299200878,0.05049939514950375,0.4759701217345943,889476.0,0.3398562749304085,0.6096443299200878,0.05049939514950375,0.4759701217345943,889476.0,-0.2202014106583072,0.15384615384615385,-0.2202014106583072,0.15384615384615385,1,1,1
46897,ZA5,KwaZulu-Natal,ZA8,Mpumalanga,ZA522,Umgungundlovu,ZA830,Gert Sibande,2021-02-11,2021-02-22,1,1,1,734617.541819746,368029.87171860907,935644,20210211,20210222,0.2748377359932372,0.663873035280183,0.06128922872657978,0.48236181888519014,1046905.0,0.30688245639051287,0.6412288994160756,0.05188864419341153,0.49968312815881616,1136106.0,0.0061256544502617805,0.5769230769230769,-0.11248741610738255,0.36538461538461536,1,1,1
46898,ZA5,KwaZulu-Natal,ZA5,KwaZulu-Natal,ZA522,Umgungundlovu,ZA523,Uthukela,2021-02-11,2021-02-11,1,1,1,124981.37199056138,124981.37199056138,36617,20210211,20210211,0.2748377359932372,0.663873035280183,0.06128922872657978,0.48236181888519014,1046905.0,0.36014331224838336,0.5864396074090654,0.05341708034255123,0.46782833191779016,652282.0,0.0061256544502617805,0.5769230769230769,-0.19841226215644822,0.19230769230769232,1,1,1
46899,ZA5,KwaZulu-Natal,ZA5,KwaZulu-Natal,ZA522,Umgungundlovu,ZA522,Umgungundlovu,2021-02-11,2021-02-11,18,14,12,194918.78415247955,98425.46892468123,237215,20210211,20210211,0.2748377359932372,0.663873035280183,0.06128922872657978,0.48236181888519014,1046905.0,0.2748377359932372,0.663873035280183,0.06128922872657978,0.48236181888519014,1046905.0,0.0061256544502617805,0.5769230769230769,0.0061256544502617805,0.5769230769230769,1,1,1
46900,ZA5,KwaZulu-Natal,ZA5,KwaZulu-Natal,ZA522,Umgungundlovu,ZA595,eThekwini,2021-02-11,2021-02-12,1,1,1,177677.1297429661,78756.61793574029,45560,20210211,20210212,0.2748377359932372,0.663873035280183,0.06128922872657978,0.48236181888519014,1046905.0,0.2446364969883556,0.6990922562931536,0.05627124671849075,0.494610924976595,3587907.0,0.0061256544502617805,0.5769230769230769,0.5666580406654343,0.9230769230769231,1,1,1
46901,ZA5,KwaZulu-Natal,ZA5,KwaZulu-Natal,ZA526,Zululand,ZA526,Zululand,2021-02-11,2021-02-11,8,5,4,101877.52800013272,48136.74771166878,91169,20210211,20210211,0.392497537624586,0.5542130860581069,0.053289376317307055,0.4651401640222711,783796.0,0.392497537624586,0.5542130860581069,0.053289376317307055,0.4651401640222711,783796.0,-0.2762355212355212,0.09615384615384616,-0.2762355212355212,0.09615384615384616,1,1,1
46902,ZA2,Eastern Cape,ZA2,Eastern Cape,ZA292,Buffalo City,ZA212,Amathole,2021-02-11,2021-02-11,2,2,2,180930.3826261549,124345.63564272731,40912,20210211,20210211,0.254980022080858,0.6758306608485358,0.06918931707060617,0.48177934914042375,760840.0,0.32816698449842097,0.5696178168124134,0.1022151986891656,0.47434426623917664,789726.0,0.09585175879396986,0.6923076923076923,-0.3192883211678832,0.019230769230769232,1,1,1
46903,ZA3,Nothern Cape,ZA3,Nothern Cape,ZA306,Namakwa,ZA306,Namakwa,2021-02-11,2021-02-12,1,1,1,1143.7918185588271,1143.7918185588271,86400,20210211,20210212,0.2479438366342976,0.6592106724059887,0.09284549095971371,0.5132337492633683,117087.0,0.2479438366342976,0.6592106724059887,0.09284549095971371,0.5132337492633683,117087.0,0.06505633802816901,0.6153846153846154,0.06505633802816901,0.6153846153846154,1,1,1
46905,ZA6,North West,ZA6,North West,ZA639,Dr Ruth Segomotsi Mompati,ZA639,Dr Ruth Segomotsi Mompati,2021-02-11,2021-02-12,5,5,5,38188.507202735054,20777.539170364744,303046,20210211,20210212,0.3412335579082451,0.5850872971649528,0.07367914492680208,0.4911837461796937,473784.0,0.3412335579082451,0.5850872971649528,0.07367914492680208,0.4911837461796937,473784.0,-0.16626678765880218,0.2692307692307692,-0.16626678765880218,0.2692307692307692,1,1,1
46906,ZA7,Gauteng,ZA4,Free State,ZA798,City of Johannesburg,ZA494,Mangaung,2021-02-11,2021-02-15,1,1,1,360406.5718030111,360406.5718030111,334090,20210211,20210215,0.2220629170143196,0.7299897648810346,0.047947318104645836,0.5097433964893054,5540727.0,0.26262942751272955,0.6754982029249197,0.06187236956235082,0.4901411892511804,826621.0,0.8818060606060606,1.0,0.27329104477611943,0.8269230769230769,1,1,1
46907,ZA1,Western Cape,ZA1,Western Cape,ZA191,City of Cape Town,ZA191,City of Cape Town,2021-02-11,2021-02-12,127,127,127,1408723.137869366,826104.04034689,7737392,20210211,20210212,0.23849582985172932,0.697186217784503,0.06431795236376775,0.4976008771049945,4436413.0,0.23849582985172932,0.697186217784503,0.06431795236376775,0.4976008771049945,4436413.0,0.7687640750670242,0.9807692307692307,0.7687640750670242,0.9807692307692307,1,1,1
46908,ZA5,KwaZulu-Natal,ZA5,KwaZulu-Natal,ZA521,Ugu,ZA521,Ugu,2021-02-11,2021-02-12,8,8,8,126230.60825474242,110902.00840405564,554384,20210211,20210212,0.32122674606698143,0.6016982741355622,0.07707497979745637,0.47391596021954596,714019.0,0.32122674606698143,0.6016982741355622,0.07707497979745637,0.47391596021954596,714019.0,-0.09480895915678524,0.40384615384615385,-0.09480895915678524,0.40384615384615385,1,1,1
46909,ZA2,Eastern Cape,ZA2,Eastern Cape,ZA212,Amathole,ZA213,Chris Hani,2021-02-11,2021-02-12,1,1,1,84741.9411791926,19271.742416166504,45100,20210211,20210212,0.32816698449842097,0.5696178168124134,0.1022151986891656,0.47434426623917664,789726.0,0.334940582305372,0.572656560540376,0.09240285715425203,0.478383232498069,752217.0,-0.3192883211678832,0.019230769230769232,-0.29251697892271666,0.057692307692307696,1,1,1
46910,ZA5,KwaZulu-Natal,ZA7,Gauteng,ZA521,Ugu,ZA798,City of Johannesburg,2021-02-11,2021-02-25,1,1,1,549382.5498585876,549356.6423178333,1204435,20210211,20210225,0.32122674606698143,0.6016982741355622,0.07707497979745637,0.47391596021954596,714019.0,0.2220629170143196,0.7299897648810346,0.047947318104645836,0.5097433964893054,5540727.0,-0.09480895915678524,0.40384615384615385,0.8818060606060606,1.0,1,1,1
46911,ZA7,Gauteng,ZA7,Gauteng,ZA797,Ekurhuleni,ZA798,City of Johannesburg,2021-02-11,2021-02-11,14,14,14,654070.2146635298,404562.9465443482,172982,20210211,20210211,0.23296733680905687,0.7203157619169479,0.04671690127399521,0.5205474946472306,3739653.0,0.2220629170143196,0.7299897648810346,0.047947318104645836,0.5097433964893054,5540727.0,0.7435109289617486,0.9615384615384616,0.8818060606060606,1.0,1,1,1
46912,ZA9,Limpopo,ZA9,Limpopo,ZA933,Mopani,ZA933,Mopani,2021-02-11,2021-02-11,9,6,6,78868.55646601111,33010.99755315704,72514,20210211,20210211,0.3329418650827259,0.6026296126910996,0.06442852222617454,0.46142626187343905,1062666.0,0.3329418650827259,0.6026296126910996,0.06442852222617454,0.46142626187343905,1062666.0,-0.037928345626975765,0.4807692307692308,-0.037928345626975765,0.4807692307692308,1,1,1
46913,ZA5,KwaZulu-Natal,ZA5,KwaZulu-Natal,ZA529,iLembe,ZA529,iLembe,2021-02-11,2021-02-12,4,4,4,19409.58012035276,18050.189792775465,314872,20210211,20210212,0.32390440311621094,0.6202867780885334,0.05580881879525565,0.4827645772056803,636799.0,0.32390440311621094,0.6202867780885334,0.05580881879525565,0.4827645772056803,636799.0,-0.14951617873651774,0.28846153846153844,-0.14951617873651774,0.28846153846153844,1,1,1
46914,ZA5,KwaZulu-Natal,ZA5,KwaZulu-Natal,ZA524,Umzinyathi,ZA524,Umzinyathi,2021-02-11,2021-02-11,3,3,3,389405.1171960776,388340.707083249,114361,20210211,20210211,0.3952311253914291,0.5454951881678106,0.05927368644076033,0.451447242842509,514461.0,0.3952311253914291,0.5454951881678106,0.05927368644076033,0.451447242842509,514461.0,-0.28225945945945946,0.07692307692307693,-0.28225945945945946,0.07692307692307693,1,1,1
46915,ZA8,Mpumalanga,ZA7,Gauteng,ZA832,Ehlanzeni,ZA797,Ekurhuleni,2021-02-11,2021-02-12,1,1,1,682887.4651887699,339637.21417212696,78593,20210211,20210212,0.32438893780700045,0.6235217992770762,0.05208926291592337,0.47979089412028486,1837538.0,0.23296733680905687,0.7203157619169479,0.04671690127399521,0.5205474946472306,3739653.0,0.1315940928270042,0.7307692307692307,0.7435109289617486,0.9615384615384616,1,1,1
46916,ZA5,KwaZulu-Natal,ZA5,KwaZulu-Natal,ZA522,Umgungundlovu,ZA522,Umgungundlovu,2021-02-11,2021-02-12,10,10,10,132592.70902503282,104621.3200038198,653896,20210211,20210212,0.2748377359932372,0.663873035280183,0.06128922872657978,0.48236181888519014,1046905.0,0.2748377359932372,0.663873035280183,0.06128922872657978,0.48236181888519014,1046905.0,0.0061256544502617805,0.5769230769230769,0.0061256544502617805,0.5769230769230769,1,1,1
46917,ZA7,Gauteng,ZA7,Gauteng,ZA748,West Rand,ZA748,West Rand,2021-02-11,2021-02-12,11,11,11,186948.83505306643,131863.06243143632,803430,20210211,20210212,0.23154887232085752,0.7207832829912092,0.047667844687933295,0.5288128906961219,856804.0,0.23154887232085752,0.7207832829912092,0.047667844687933295,0.5288128906961219,856804.0,0.23715802469135805,0.8076923076923077,0.23715802469135805,0.8076923076923077,1,1,1
46918,ZA5,KwaZulu-Natal,ZA5,KwaZulu-Natal,ZA529,iLembe,ZA529,iLembe,2021-02-11,2021-02-11,5,4,3,38555.03585899733,20529.778301642968,78657,20210211,20210211,0.32390440311621094,0.6202867780885334,0.05580881879525565,0.4827645772056803,636799.0,0.32390440311621094,0.6202867780885334,0.05580881879525565,0.4827645772056803,636799.0,-0.14951617873651774,0.28846153846153844,-0.14951617873651774,0.28846153846153844,1,1,1
46919,ZA7,Gauteng,ZA7,Gauteng,ZA799,City of Tshwane,ZA798,City of Johannesburg,2021-02-11,2021-02-12,3,3,3,128057.49819988498,63565.79889074393,129213,20210211,20210212,0.22283079372412132,0.7204843127840075,0.056684893491871245,0.5057337597223363,3627986.0,0.2220629170143196,0.7299897648810346,0.047947318104645836,0.5097433964893054,5540727.0,0.48224212034383956,0.9038461538461539,0.8818060606060606,1.0,1,1,1
46920,ZA7,Gauteng,ZA7,Gauteng,ZA742,Sedibeng,ZA797,Ekurhuleni,2021-02-11,2021-02-11,4,4,4,342663.69158897025,193934.35548308224,120022,20210211,20210211,0.24393339879416723,0.6953819961266214,0.06068460507921129,0.5059130831550246,994997.0,0.23296733680905687,0.7203157619169479,0.04671690127399521,0.5205474946472306,3739653.0,0.2808379746835443,0.8461538461538461,0.7435109289617486,0.9615384615384616,1,1,1
46921,ZA7,Gauteng,ZA7,Gauteng,ZA748,West Rand,ZA798,City of Johannesburg,2021-02-11,2021-02-12,1,1,1,23888.344957107984,11944.172478553992,42025,20210211,20210212,0.23154887232085752,0.7207832829912092,0.047667844687933295,0.5288128906961219,856804.0,0.2220629170143196,0.7299897648810346,0.047947318104645836,0.5097433964893054,5540727.0,0.23715802469135805,0.8076923076923077,0.8818060606060606,1.0,1,1,1
46922,ZA7,Gauteng,ZA7,Gauteng,ZA742,Sedibeng,ZA742,Sedibeng,2021-02-11,2021-02-12,17,17,17,304333.3698485384,257783.4652108124,1182770,20210211,20210212,0.24393339879416723,0.6953819961266214,0.06068460507921129,0.5059130831550246,994997.0,0.24393339879416723,0.6953819961266214,0.06068460507921129,0.5059130831550246,994997.0,0.2808379746835443,0.8461538461538461,0.2808379746835443,0.8461538461538461,1,1,1
46923,ZA9,Limpopo,ZA9,Limpopo,ZA947,Sekhukhune,ZA936,Waterberg,2021-02-11,2021-02-11,1,1,1,121309.1928398863,60654.4840015032,24120,20210211,20210211,0.3536917516859454,0.5707075150199985,0.07560073329405607,0.46486328935523974,1125333.0,0.2870915348782833,0.6477210572390478,0.06518740788266879,0.5138960603357211,718513.0,-0.06015677966101695,0.4423076923076923,0.00236898395721925,0.5576923076923077,1,1,1
46924,ZA7,Gauteng,ZA7,Gauteng,ZA797,Ekurhuleni,ZA799,City of Tshwane,2021-02-11,2021-02-12,1,1,1,85028.2867091643,42560.77233495384,54887,20210211,20210212,0.23296733680905687,0.7203157619169479,0.04671690127399521,0.5205474946472306,3739653.0,0.22283079372412132,0.7204843127840075,0.056684893491871245,0.5057337597223363,3627986.0,0.7435109289617486,0.9615384615384616,0.48224212034383956,0.9038461538461539,1,1,1
46925,ZA9,Limpopo,ZA9,Limpopo,ZA934,Vhembe,ZA934,Vhembe,2021-02-11,2021-02-12,10,10,10,117990.4619162267,88432.89336977832,648633,20210211,20210212,0.3433867460978093,0.5887604530714541,0.06785280083073665,0.4597374214109392,1325089.0,0.3433867460978093,0.5887604530714541,0.06785280083073665,0.4597374214109392,1325089.0,-0.0767829596412556,0.4230769230769231,-0.0767829596412556,0.4230769230769231,1,1,1
46926,ZA9,Limpopo,ZA9,Limpopo,ZA934,Vhembe,ZA933,Mopani,2021-02-11,2021-02-21,1,1,1,140225.9605229706,110842.12655599586,853824,20210211,20210221,0.3433867460978093,0.5887604530714541,0.06785280083073665,0.4597374214109392,1325089.0,0.3329418650827259,0.6026296126910996,0.06442852222617454,0.46142626187343905,1062666.0,-0.0767829596412556,0.4230769230769231,-0.037928345626975765,0.4807692307692308,1,1,1
46928,ZA7,Gauteng,ZA7,Gauteng,ZA799,City of Tshwane,ZA797,Ekurhuleni,2021-02-11,2021-02-11,5,5,5,399561.9186084175,299527.6866055856,71507,20210211,20210211,0.22283079372412132,0.7204843127840075,0.056684893491871245,0.5057337597223363,3627986.0,0.23296733680905687,0.7203157619169479,0.04671690127399521,0.5205474946472306,3739653.0,0.48224212034383956,0.9038461538461539,0.7435109289617486,0.9615384615384616,1,1,1
46929,ZA3,Nothern Cape,ZA3,Nothern Cape,ZA308,Z F Mgcawu,ZA308,Z F Mgcawu,2021-02-11,2021-02-11,9,7,6,1745927.2963242952,638528.0985925348,95695,20210211,20210211,0.27601757542529287,0.6641943181028425,0.059788106471864645,0.5142626583989065,258998.0,0.27601757542529287,0.6641943181028425,0.059788106471864645,0.5142626583989065,258998.0,-0.04016603773584906,0.46153846153846156,-0.04016603773584906,0.46153846153846156,1,1,1
46930,ZA4,Free State,ZA4,Free State,ZA420,Fezile Dabi,ZA420,Fezile Dabi,2021-02-11,2021-02-11,27,19,10,154157.8839330447,71177.5315382969,156587,20210211,20210211,0.2705098118551487,0.6604572122193,0.06903297592555128,0.5050070807202104,494300.0,0.2705098118551487,0.6604572122193,0.06903297592555128,0.5050070807202104,494300.0,0.2276555023923445,0.7884615384615384,0.2276555023923445,0.7884615384615384,1,1,1
46931,ZA6,North West,ZA6,North West,ZA640,Dr Kenneth Kaunda,ZA640,Dr Kenneth Kaunda,2021-02-11,2021-02-11,39,26,21,1008090.263398106,690183.1920134705,432795,20210211,20210211,0.27505895171327793,0.6602340041700301,0.06470704411669191,0.5065976875287468,754431.0,0.27505895171327793,0.6602340041700301,0.06470704411669191,0.5065976875287468,754431.0,-0.10069384057971015,0.38461538461538464,-0.10069384057971015,0.38461538461538464,1,1,1
46932,ZA4,Free State,ZA4,Free State,ZA494,Mangaung,ZA494,Mangaung,2021-02-11,2021-02-12,17,17,17,96530.6133567136,72098.49622692968,1165520,20210211,20210212,0.26262942751272955,0.6754982029249197,0.06187236956235082,0.4901411892511804,826621.0,0.26262942751272955,0.6754982029249197,0.06187236956235082,0.4901411892511804,826621.0,0.27329104477611943,0.8269230769230769,0.27329104477611943,0.8269230769230769,1,1,1
46933,ZA5,KwaZulu-Natal,ZA5,KwaZulu-Natal,ZA543,Sisonke,ZA543,Sisonke,2021-02-11,2021-02-11,4,2,2,56159.47694882768,24376.445965278715,60144,20210211,20210211,0.37293146983899067,0.5707096800166399,0.05635885014436937,0.4671305273563743,447117.0,0.37293146983899067,0.5707096800166399,0.05635885014436937,0.4671305273563743,447117.0,-0.2112274881516588,0.17307692307692307,-0.2112274881516588,0.17307692307692307,1,1,1
46934,ZA5,KwaZulu-Natal,ZA5,KwaZulu-Natal,ZA527,Umkhanyakude,ZA527,Umkhanyakude,2021-02-11,2021-02-12,1,1,1,7869.304903007602,3934.652451503801,46400,20210211,20210212,0.40017378652548197,0.5489306999026919,0.05089551357182606,0.4622270789873748,643318.0,0.40017378652548197,0.5489306999026919,0.05089551357182606,0.4622270789873748,643318.0,-0.31784377542717657,0.038461538461538464,-0.31784377542717657,0.038461538461538464,1,1,1
46935,ZA4,Free State,ZA4,Free State,ZA494,Mangaung,ZA494,Mangaung,2021-02-11,2021-02-11,21,17,15,158117.56404221457,88698.46672057021,358960,20210211,20210211,0.26262942751272955,0.6754982029249197,0.06187236956235082,0.4901411892511804,826621.0,0.26262942751272955,0.6754982029249197,0.06187236956235082,0.4901411892511804,826621.0,0.27329104477611943,0.8269230769230769,0.27329104477611943,0.8269230769230769,1,1,1
46936,ZA4,Free State,ZA7,Gauteng,ZA418,Lejweleputswa,ZA797,Ekurhuleni,2021-02-11,2021-02-11,1,1,1,599831.7058435343,252309.22548470605,35666,20210211,20210211,0.27941650281351393,0.6617931601395349,0.058790337046951115,0.500105365269169,574193.0,0.23296733680905687,0.7203157619169479,0.04671690127399521,0.5205474946472306,3739653.0,0.29495049504950493,0.8653846153846154,0.7435109289617486,0.9615384615384616,1,1,1
46937,ZA7,Gauteng,ZA7,Gauteng,ZA799,City of Tshwane,ZA799,City of Tshwane,2021-02-11,2021-02-21,1,1,1,4013.824785618424,2006.8167959111397,940894,20210211,20210221,0.22283079372412132,0.7204843127840075,0.056684893491871245,0.5057337597223363,3627986.0,0.22283079372412132,0.7204843127840075,0.056684893491871245,0.5057337597223363,3627986.0,0.48224212034383956,0.9038461538461539,0.48224212034383956,0.9038461538461539,1,1,1
46938,ZA4,Free State,ZA2,Eastern Cape,ZA494,Mangaung,ZA214,Joe Gqabi,2021-02-11,2021-02-11,1,1,1,315745.6899184338,310616.14609461743,23333,20210211,20210211,0.26262942751272955,0.6754982029249197,0.06187236956235082,0.4901411892511804,826621.0,0.3340471849013029,0.5799636495391386,0.08598916555955849,0.47733103958194023,339473.0,0.27329104477611943,0.8269230769230769,-0.1839776119402985,0.21153846153846154,1,1,1
46939,ZA9,Limpopo,ZA9,Limpopo,ZA947,Sekhukhune,ZA947,Sekhukhune,2021-02-11,2021-02-11,12,8,8,103747.54006047169,43155.91133385898,185131,20210211,20210211,0.3536917516859454,0.5707075150199985,0.07560073329405607,0.46486328935523974,1125333.0,0.3536917516859454,0.5707075150199985,0.07560073329405607,0.46486328935523974,1125333.0,-0.06015677966101695,0.4423076923076923,-0.06015677966101695,0.4423076923076923,1,1,1
46940,ZA7,Gauteng,ZA7,Gauteng,ZA798,City of Johannesburg,ZA798,City of Johannesburg,2021-02-11,2021-02-12,148,148,148,1564403.0485921667,1106890.533423685,9382781,20210211,20210212,0.2220629170143196,0.7299897648810346,0.047947318104645836,0.5097433964893054,5540727.0,0.2220629170143196,0.7299897648810346,0.047947318104645836,0.5097433964893054,5540727.0,0.8818060606060606,1.0,0.8818060606060606,1.0,1,1,1
46941,ZA6,North West,ZA7,Gauteng,ZA640,Dr Kenneth Kaunda,ZA798,City of Johannesburg,2021-02-11,2021-02-11,1,1,1,1577820.5177896717,439046.2602044128,6118,20210211,20210211,0.27505895171327793,0.6602340041700301,0.06470704411669191,0.5065976875287468,754431.0,0.2220629170143196,0.7299897648810346,0.047947318104645836,0.5097433964893054,5540727.0,-0.10069384057971015,0.38461538461538464,0.8818060606060606,1.0,1,1,1
46942,ZA7,Gauteng,ZA7,Gauteng,ZA797,Ekurhuleni,ZA797,Ekurhuleni,2021-02-11,2021-02-11,151,110,94,3275022.5848760884,1226420.0041728914,1911452,20210211,20210211,0.23296733680905687,0.7203157619169479,0.04671690127399521,0.5205474946472306,3739653.0,0.23296733680905687,0.7203157619169479,0.04671690127399521,0.5205474946472306,3739653.0,0.7435109289617486,0.9615384615384616,0.7435109289617486,0.9615384615384616,1,1,1
46943,ZA2,Eastern Cape,ZA2,Eastern Cape,ZA214,Joe Gqabi,ZA214,Joe Gqabi,2021-02-11,2021-02-11,1,1,1,860.5458167644175,860.5458167644175,36917,20210211,20210211,0.3340471849013029,0.5799636495391386,0.08598916555955849,0.47733103958194023,339473.0,0.3340471849013029,0.5799636495391386,0.08598916555955849,0.47733103958194023,339473.0,-0.1839776119402985,0.21153846153846154,-0.1839776119402985,0.21153846153846154,1,1,1
46944,ZA5,KwaZulu-Natal,ZA5,KwaZulu-Natal,ZA525,Amajuba,ZA525,Amajuba,2021-02-11,2021-02-12,6,6,6,74315.18373698962,69661.14268819582,432417,20210211,20210212,0.3311353387795859,0.6144200377537888,0.05444462346662529,0.48045773982507545,502731.0,0.3311353387795859,0.6144200377537888,0.05444462346662529,0.48045773982507545,502731.0,-0.16864155251141552,0.25,-0.16864155251141552,0.25,1,1,1
46945,ZA5,KwaZulu-Natal,ZA5,KwaZulu-Natal,ZA528,Uthungulu,ZA528,Uthungulu,2021-02-11,2021-02-12,8,8,8,116896.74542230286,79516.92018356918,473519,20210211,20210212,0.3398562749304085,0.6096443299200878,0.05049939514950375,0.4759701217345943,889476.0,0.3398562749304085,0.6096443299200878,0.05049939514950375,0.4759701217345943,889476.0,-0.2202014106583072,0.15384615384615385,-0.2202014106583072,0.15384615384615385,1,1,1
46946,ZA1,Western Cape,ZA1,Western Cape,ZA104,Eden,ZA104,Eden,2021-02-11,2021-02-12,5,5,5,16348.924969181557,13838.023400505328,274727,20210211,20210212,0.24710205256745305,0.6628052101466374,0.09009273728590954,0.4993180863678119,673839.0,0.24710205256745305,0.6628052101466374,0.09009273728590954,0.4993180863678119,673839.0,0.0004522691705790296,0.5384615384615384,0.0004522691705790296,0.5384615384615384,1,1,1
46947,ZA9,Limpopo,ZA9,Limpopo,ZA947,Sekhukhune,ZA947,Sekhukhune,2021-02-11,2021-02-12,9,9,9,94561.06828451122,67903.87996786265,565884,20210211,20210212,0.3536917516859454,0.5707075150199985,0.07560073329405607,0.46486328935523974,1125333.0,0.3536917516859454,0.5707075150199985,0.07560073329405607,0.46486328935523974,1125333.0,-0.06015677966101695,0.4423076923076923,-0.06015677966101695,0.4423076923076923,1,1,1
46948,ZA1,Western Cape,ZA1,Western Cape,ZA101,West Coast,ZA191,City of Cape Town,2021-02-11,2021-02-12,1,1,1,96853.88128011089,45624.90596379409,55084,20210211,20210212,0.24466466325617858,0.6852166396976793,0.0701186970461421,0.5060695297345649,497485.0,0.23849582985172932,0.697186217784503,0.06431795236376775,0.4976008771049945,4436413.0,-0.12079976303317536,0.34615384615384615,0.7687640750670242,0.9807692307692307,1,1,1
46949,ZA7,Gauteng,ZA5,KwaZulu-Natal,ZA797,Ekurhuleni,ZA521,Ugu,2021-02-11,2021-02-11,1,1,1,1296202.4418377336,624655.3883978234,39776,20210211,20210211,0.23296733680905687,0.7203157619169479,0.04671690127399521,0.5205474946472306,3739653.0,0.32122674606698143,0.6016982741355622,0.07707497979745637,0.47391596021954596,714019.0,0.7435109289617486,0.9615384615384616,-0.09480895915678524,0.40384615384615385,1,1,1
46950,ZA5,KwaZulu-Natal,ZA5,KwaZulu-Natal,ZA595,eThekwini,ZA595,eThekwini,2021-02-11,2021-02-12,89,89,89,975137.5501300828,698938.5475672415,5993588,20210211,20210212,0.2446364969883556,0.6990922562931536,0.05627124671849075,0.494610924976595,3587907.0,0.2446364969883556,0.6990922562931536,0.05627124671849075,0.494610924976595,3587907.0,0.5666580406654343,0.9230769230769231,0.5666580406654343,0.9230769230769231,1,1,1
46951,ZA3,Nothern Cape,ZA3,Nothern Cape,ZA345,John Taolo Gaetsewe,ZA345,John Taolo Gaetsewe,2021-02-11,2021-02-12,2,2,2,14199.249474834462,7099.624737417231,98570,20210211,20210212,0.31986957060536586,0.628082594956317,0.05204783443831712,0.4959027820806741,258224.0,0.31986957060536586,0.628082594956317,0.05204783443831712,0.4959027820806741,258224.0,-0.13480926430517712,0.3076923076923077,-0.13480926430517712,0.3076923076923077,1,1,1
46952,ZA8,Mpumalanga,ZA8,Mpumalanga,ZA830,Gert Sibande,ZA830,Gert Sibande,2021-02-11,2021-02-11,32,20,17,382778.2322345832,155806.27190126065,379664,20210211,20210211,0.30688245639051287,0.6412288994160756,0.05188864419341153,0.49968312815881616,1136106.0,0.30688245639051287,0.6412288994160756,0.05188864419341153,0.49968312815881616,1136106.0,-0.11248741610738255,0.36538461538461536,-0.11248741610738255,0.36538461538461536,1,1,1
46953,ZA2,Eastern Cape,ZA2,Eastern Cape,ZA210,Cacadu,ZA210,Cacadu,2021-02-11,2021-02-11,4,2,2,151639.67965298347,75055.17890514496,21237,20210211,20210211,0.2618455236218228,0.6571170870354837,0.08103738934269357,0.4975242081945451,491156.0,0.2618455236218228,0.6571170870354837,0.08103738934269357,0.4975242081945451,491156.0,-0.01848062015503876,0.5,-0.01848062015503876,0.5,1,1,1
46954,ZA9,Limpopo,ZA9,Limpopo,ZA935,Capricorn,ZA935,Capricorn,2021-02-11,2021-02-12,18,18,18,176014.70624569844,97869.39423854354,1100735,20210211,20210212,0.3265897738288558,0.6007690312860821,0.07264119488506209,0.472231826966417,1295656.0,0.3265897738288558,0.6007690312860821,0.07264119488506209,0.472231826966417,1295656.0,0.07397387387387387,0.6346153846153846,0.07397387387387387,0.6346153846153846,1,1,1
46955,ZA2,Eastern Cape,ZA2,Eastern Cape,ZA212,Amathole,ZA212,Amathole,2021-02-11,2021-02-11,7,4,4,41320.6056834743,18753.261438284822,106444,20210211,20210211,0.32816698449842097,0.5696178168124134,0.1022151986891656,0.47434426623917664,789726.0,0.32816698449842097,0.5696178168124134,0.1022151986891656,0.47434426623917664,789726.0,-0.3192883211678832,0.019230769230769232,-0.3192883211678832,0.019230769230769232,1,1,1
46956,ZA7,Gauteng,ZA4,Free State,ZA797,Ekurhuleni,ZA419,Thabo Mofutsanyane,2021-02-11,2021-02-11,1,1,1,667749.8344392045,243279.41549754623,22779,20210211,20210211,0.23296733680905687,0.7203157619169479,0.04671690127399521,0.5205474946472306,3739653.0,0.31143326559338835,0.6251823622683981,0.06338437213821363,0.47028720831466336,662829.0,0.7435109289617486,0.9615384615384616,0.10770218579234972,0.7115384615384616,1,1,1
46957,ZA8,Mpumalanga,ZA8,Mpumalanga,ZA830,Gert Sibande,ZA830,Gert Sibande,2021-02-11,2021-02-12,20,20,20,331778.439862194,222556.9072422257,1311848,20210211,20210212,0.30688245639051287,0.6412288994160756,0.05188864419341153,0.49968312815881616,1136106.0,0.30688245639051287,0.6412288994160756,0.05188864419341153,0.49968312815881616,1136106.0,-0.11248741610738255,0.36538461538461536,-0.11248741610738255,0.36538461538461536,1,1,1
46958,ZA7,Gauteng,ZA4,Free State,ZA799,City of Tshwane,ZA420,Fezile Dabi,2021-02-11,2021-02-11,1,1,1,691056.9906680635,125332.411477356,18244,20210211,20210211,0.22283079372412132,0.7204843127840075,0.056684893491871245,0.5057337597223363,3627986.0,0.2705098118551487,0.6604572122193,0.06903297592555128,0.5050070807202104,494300.0,0.48224212034383956,0.9038461538461539,0.2276555023923445,0.7884615384615384,1,1,1
46959,ZA1,Western Cape,ZA1,Western Cape,ZA102,Cape Winelands,ZA102,Cape Winelands,2021-02-11,2021-02-12,17,17,17,157630.68231719462,112871.9892317307,1013400,20210211,20210212,0.24989252608235304,0.6902123420738123,0.059895131843834624,0.5011121214086944,909523.0,0.24989252608235304,0.6902123420738123,0.059895131843834624,0.5011121214086944,909523.0,-0.012388831437435367,0.5192307692307693,-0.012388831437435367,0.5192307692307693,1,1,1
