,admin1Pcod_1,admin1Name_1,admin1Pcod_2,admin1Name_2,local_date_1,local_date_2,trip_num,tour_num,id_num,tour_traj_distance,trip_traj_distance,time_range,date_1,date_2,0_14_pct_1,15_64_pct_1,65p_pct_1,M_pct_1,Population_1,0_14_pct_2,15_64_pct_2,65p_pct_2,M_pct_2,Population_2,rwi_1,rwi_pctl_1,rwi_2,rwi_pctl_2,new cases_1,new cases_2
41160,NG015,Federal Capital Territory,NG019,Kaduna,2020-04-03,2020-04-03,10,10,9,2716176.45783166,1396122.2930628746,94582,20200403,20200403,0.3761808011877354,0.6090082893686061,0.014810909443658583,0.5320270119615359,4834747.0,0.46503701110532975,0.5075057258770135,0.027457263017656792,0.506968163107597,8758047.0,0.06716322463290017,0.7567567567567568,-0.1703334579739599,0.5135135135135135,3.0,0.0
41161,NG037,Zamfara,NG021,Katsina,2020-04-03,2020-04-03,1,1,1,76548.55131675563,25857.859351142764,20254,20200403,20200403,0.4822951286895683,0.49170011989092705,0.026004751419504635,0.5030233221454106,4568319.0,0.48655803853244695,0.4881893734794351,0.02525258798811795,0.509826765221673,8050462.0,-0.4763162522559063,0.10810810810810811,-0.4045410794272394,0.16216216216216217,0.0,0.0
41162,NG030,Osun,NG031,Oyo,2020-04-03,2020-04-03,3,3,3,376878.7044935372,170836.5238442877,11988,20200403,20200403,0.36641836172583325,0.5944391290481575,0.03914250922600927,0.5059847910635072,4828740.0,0.37711239812688285,0.5836282165130016,0.039259385360115584,0.5019705838533485,8470586.0,0.0026606813370417975,0.6756756756756757,-0.019245055859069864,0.6486486486486487,0.0,0.0
41163,NG012,Edo,NG012,Edo,2020-04-03,2020-04-04,82,82,82,1887361.0817969425,1163142.283846063,3082791,20200403,20200404,0.3648963025856633,0.5925314188027963,0.04257227861154045,0.5050509097282766,4393070.0,0.3648963025856633,0.5925314188027963,0.04257227861154045,0.5050509097282766,4393070.0,0.048192548470072316,0.7027027027027027,0.048192548470072316,0.7027027027027027,0.0,3.0
41164,NG018,Jigawa,NG029,Ondo,2020-04-03,2020-04-05,1,1,1,784129.7420275458,783506.6285065204,167268,20200403,20200405,0.4759832686855246,0.4966159109599566,0.02740082035451879,0.505479893884154,5921830.0,0.37893516274736494,0.5832181604477588,0.03784667680487627,0.5035690220992856,4673409.0,-0.49549208851903037,0.05405405405405406,-0.23320407133660132,0.3783783783783784,0.0,0.0
41165,NG020,Kano,NG020,Kano,2020-04-03,2020-04-04,406,406,405,5427482.605249424,1915049.0326237024,14920308,20200403,20200404,0.4727684792901625,0.5011033541407554,0.026128166569082133,0.5280232410357527,13612130.0,0.4727684792901625,0.5011033541407554,0.026128166569082133,0.5280232410357527,13612130.0,0.1241609281772341,0.8378378378378378,0.1241609281772341,0.8378378378378378,0.0,0.0
41166,NG015,Federal Capital Territory,NG015,Federal Capital Territory,2020-04-03,2020-04-04,757,756,756,12427231.814322237,3503183.4334595664,24554796,20200403,20200404,0.3761808011877354,0.6090082893686061,0.014810909443658583,0.5320270119615359,4834747.0,0.3761808011877354,0.6090082893686061,0.014810909443658583,0.5320270119615359,4834747.0,0.06716322463290017,0.7567567567567568,0.06716322463290017,0.7567567567567568,3.0,5.0
41167,NG002,Adamawa,NG002,Adamawa,2020-04-03,2020-04-03,328,176,111,4190074.7291601375,1104233.4440292153,2767337,20200403,20200403,0.4474419886826158,0.5186029019248742,0.03395510939250998,0.5068342598449392,4396599.0,0.4474419886826158,0.5186029019248742,0.03395510939250998,0.5068342598449392,4396599.0,-0.25839416341831756,0.35135135135135137,-0.25839416341831756,0.35135135135135137,0.0,0.0
41168,NG004,Anambra,NG010,Delta,2020-04-03,2020-04-03,3,3,3,102962.3050650538,43827.38754692812,55026,20200403,20200403,0.3550563739560004,0.6034760570706295,0.041467568973370096,0.5059823635153309,5936784.0,0.37205747147343576,0.5865213978831537,0.041421130643410485,0.5024198117756394,5827726.0,0.5172892070039768,0.9459459459459459,0.04986988030496243,0.7297297297297297,0.0,0.0
41169,NG007,Benue,NG007,Benue,2020-04-03,2020-04-04,8,8,8,44381.21490542127,18556.83658418085,379183,20200403,20200404,0.4617573940726351,0.5075744703975699,0.030668135529795037,0.5046642022050832,5814928.0,0.4617573940726351,0.5075744703975699,0.030668135529795037,0.5046642022050832,5814928.0,-0.36118153353601457,0.24324324324324326,-0.36118153353601457,0.24324324324324326,0.0,0.0
41170,NG025,Lagos,NG025,Lagos,2020-04-03,2020-04-28,1,1,1,513948.7434552088,22853.79393867749,2147057,20200403,20200428,0.3302008890738382,0.6447111961662807,0.025087914759881112,0.5212037107602719,14879754.0,0.3302008890738382,0.6447111961662807,0.025087914759881112,0.5212037107602719,14879754.0,1.1187153694407612,1.0,1.1187153694407612,1.0,7.0,80.0
41171,NG021,Katsina,NG022,Kebbi,2020-04-03,2020-04-03,1,1,1,763892.2920780323,382362.802549009,42231,20200403,20200403,0.48655803853244695,0.4881893734794351,0.02525258798811795,0.509826765221673,8050462.0,0.4855904279683244,0.48801456343612665,0.026395008595548938,0.5032996532071795,4510474.0,-0.4045410794272394,0.16216216216216217,-0.4166000362854463,0.13513513513513514,0.0,0.0
41172,NG017,Imo,NG017,Imo,2020-04-03,2020-04-04,26,26,26,146233.3487302075,73675.04104229157,1108309,20200403,20200404,0.36002907241370796,0.5951188700839131,0.044852057502378986,0.5015110336551765,5547527.0,0.36002907241370796,0.5951188700839131,0.044852057502378986,0.5015110336551765,5547527.0,0.5387774131767987,0.972972972972973,0.5387774131767987,0.972972972972973,0.0,0.0
41173,NG020,Kano,NG008,Borno,2020-04-03,2020-04-03,1,1,1,498866.5989626948,498866.5989626948,1883,20200403,20200403,0.4727684792901625,0.5011033541407554,0.026128166569082133,0.5280232410357527,13612130.0,0.4656333169168363,0.5077319274989265,0.026634755584237252,0.5216485478678367,6594992.0,0.1241609281772341,0.8378378378378378,-0.21159417396202837,0.40540540540540543,0.0,0.0
41174,NG033,Rivers,NG014,Enugu,2020-04-03,2020-04-03,2,2,2,562462.7827273268,562150.7952946783,97450,20200403,20200403,0.3607179556377358,0.6064986277483454,0.03278341661391882,0.5155672987437575,7840763.0,0.3548333037798759,0.5979631440077704,0.04720355221235371,0.48606967776766996,4415727.0,0.1614581709475816,0.8648648648648649,0.11263773985257676,0.7837837837837838,0.0,0.0
41175,NG024,Kwara,NG024,Kwara,2020-04-03,2020-04-20,1,1,1,269912.3085037808,6124.484320863784,1441232,20200403,20200420,0.43856274012514257,0.5300045253998054,0.03143273447505214,0.5069599109955376,3378707.0,0.43856274012514257,0.5300045253998054,0.03143273447505214,0.5069599109955376,3378707.0,-0.15738931235438808,0.5405405405405406,-0.15738931235438808,0.5405405405405406,0.0,0.0
41176,NG021,Katsina,NG021,Katsina,2020-04-03,2020-04-03,328,161,115,11176406.196875025,2204694.533701112,2813149,20200403,20200403,0.48655803853244695,0.4881893734794351,0.02525258798811795,0.509826765221673,8050462.0,0.48655803853244695,0.4881893734794351,0.02525258798811795,0.509826765221673,8050462.0,-0.4045410794272394,0.16216216216216217,-0.4045410794272394,0.16216216216216217,0.0,0.0
41177,NG030,Osun,NG030,Osun,2020-04-03,2020-04-03,511,270,151,6257553.188066181,1794477.7191060754,3535212,20200403,20200403,0.36641836172583325,0.5944391290481575,0.03914250922600927,0.5059847910635072,4828740.0,0.36641836172583325,0.5944391290481575,0.03914250922600927,0.5059847910635072,4828740.0,0.0026606813370417975,0.6756756756756757,0.0026606813370417975,0.6756756756756757,0.0,0.0
41178,NG025,Lagos,NG015,Federal Capital Territory,2020-04-03,2020-04-03,2,2,2,2111873.633120336,1055944.006148232,10664,20200403,20200403,0.3302008890738382,0.6447111961662807,0.025087914759881112,0.5212037107602719,14879754.0,0.3761808011877354,0.6090082893686061,0.014810909443658583,0.5320270119615359,4834747.0,1.1187153694407612,1.0,0.06716322463290017,0.7567567567567568,7.0,3.0
41179,NG012,Edo,NG014,Enugu,2020-04-03,2020-04-03,1,1,1,418663.4873467776,208750.1094627824,46078,20200403,20200403,0.3648963025856633,0.5925314188027963,0.04257227861154045,0.5050509097282766,4393070.0,0.3548333037798759,0.5979631440077704,0.04720355221235371,0.48606967776766996,4415727.0,0.048192548470072316,0.7027027027027027,0.11263773985257676,0.7837837837837838,0.0,0.0
41180,NG023,Kogi,NG023,Kogi,2020-04-03,2020-04-04,14,14,14,282192.55209470325,134834.68290779582,553378,20200403,20200404,0.45037839661721446,0.5217364067083422,0.02788519667444328,0.506811428561977,4836724.0,0.45037839661721446,0.5217364067083422,0.02788519667444328,0.506811428561977,4836724.0,-0.30831429069378413,0.2972972972972973,-0.30831429069378413,0.2972972972972973,0.0,0.0
41181,NG017,Imo,NG017,Imo,2020-04-03,2020-04-03,197,96,64,3671154.4698380977,671602.0848460726,1294169,20200403,20200403,0.36002907241370796,0.5951188700839131,0.044852057502378986,0.5015110336551765,5547527.0,0.36002907241370796,0.5951188700839131,0.044852057502378986,0.5015110336551765,5547527.0,0.5387774131767987,0.972972972972973,0.5387774131767987,0.972972972972973,0.0,0.0
41182,NG034,Sokoto,NG034,Sokoto,2020-04-03,2020-04-04,70,70,70,1364007.0056530084,442556.2604047929,2727458,20200403,20200404,0.476871893107996,0.4955998750778277,0.02752823181417628,0.505624481563039,5027130.0,0.476871893107996,0.4955998750778277,0.02752823181417628,0.505624481563039,5027130.0,-0.3255636908120886,0.2702702702702703,-0.3255636908120886,0.2702702702702703,0.0,0.0
41183,NG031,Oyo,NG030,Osun,2020-04-03,2020-04-03,5,5,5,662710.1905743585,278422.5917818852,66805,20200403,20200403,0.37711239812688285,0.5836282165130016,0.039259385360115584,0.5019705838533485,8470586.0,0.36641836172583325,0.5944391290481575,0.03914250922600927,0.5059847910635072,4828740.0,-0.019245055859069864,0.6486486486486487,0.0026606813370417975,0.6756756756756757,0.0,0.0
41184,NG031,Oyo,NG031,Oyo,2020-04-03,2020-04-04,265,265,265,3221986.5420215647,1063979.4853518934,9909283,20200403,20200404,0.37711239812688285,0.5836282165130016,0.039259385360115584,0.5019705838533485,8470586.0,0.37711239812688285,0.5836282165130016,0.039259385360115584,0.5019705838533485,8470586.0,-0.019245055859069864,0.6486486486486487,-0.019245055859069864,0.6486486486486487,0.0,1.0
41185,NG026,Nasarawa,NG015,Federal Capital Territory,2020-04-03,2020-04-04,3,3,3,464130.31912771857,68085.28180144173,199172,20200403,20200404,0.458082127493156,0.5146632772780603,0.02725459522878373,0.5071486116542824,2557000.0,0.3761808011877354,0.6090082893686061,0.014810909443658583,0.5320270119615359,4834747.0,-0.3814972133848704,0.1891891891891892,0.06716322463290017,0.7567567567567568,0.0,5.0
41186,NG025,Lagos,NG015,Federal Capital Territory,2020-04-03,2020-04-04,1,1,1,537428.222560331,537428.222560331,12130,20200403,20200404,0.3302008890738382,0.6447111961662807,0.025087914759881112,0.5212037107602719,14879754.0,0.3761808011877354,0.6090082893686061,0.014810909443658583,0.5320270119615359,4834747.0,1.1187153694407612,1.0,0.06716322463290017,0.7567567567567568,7.0,5.0
41187,NG036,Yobe,NG020,Kano,2020-04-03,2020-04-03,1,1,1,977822.295127526,287988.55133380444,707,20200403,20200403,0.4691388179850362,0.5048995038050456,0.025961678209918262,0.5201260409235117,3619142.0,0.4727684792901625,0.5011033541407554,0.026128166569082133,0.5280232410357527,13612130.0,-0.5433016922627469,0.02702702702702703,0.1241609281772341,0.8378378378378378,0.0,0.0
41188,NG027,Niger,NG027,Niger,2020-04-03,2020-04-04,64,64,64,1010132.8109031944,240002.73074223532,2780146,20200403,20200404,0.471202827926769,0.5035993963032889,0.025197775769942192,0.5093248027202903,5745269.0,0.471202827926769,0.5035993963032889,0.025197775769942192,0.5093248027202903,5745269.0,-0.2021904684270313,0.4594594594594595,-0.2021904684270313,0.4594594594594595,0.0,0.0
41189,NG008,Borno,NG008,Borno,2020-04-03,2020-04-04,153,153,153,2197813.886800928,533458.1972873305,6133583,20200403,20200404,0.4656333169168363,0.5077319274989265,0.026634755584237252,0.5216485478678367,6594992.0,0.4656333169168363,0.5077319274989265,0.026634755584237252,0.5216485478678367,6594992.0,-0.21159417396202837,0.40540540540540543,-0.21159417396202837,0.40540540540540543,0.0,0.0
41190,NG026,Nasarawa,NG015,Federal Capital Territory,2020-04-03,2020-04-03,24,24,20,1382388.5060528996,475910.68435805285,198009,20200403,20200403,0.458082127493156,0.5146632772780603,0.02725459522878373,0.5071486116542824,2557000.0,0.3761808011877354,0.6090082893686061,0.014810909443658583,0.5320270119615359,4834747.0,-0.3814972133848704,0.1891891891891892,0.06716322463290017,0.7567567567567568,0.0,3.0
41191,NG009,Cross River,NG009,Cross River,2020-04-03,2020-04-04,17,17,17,170044.80898644606,50006.417594835344,618057,20200403,20200404,0.3831984467942394,0.5834763463285051,0.03332520687725556,0.5092349804775577,3958265.0,0.3831984467942394,0.5834763463285051,0.03332520687725556,0.5092349804775577,3958265.0,-0.18777845359495773,0.4864864864864865,-0.18777845359495773,0.4864864864864865,0.0,0.0
41192,NG028,Ogun,NG031,Oyo,2020-04-03,2020-04-04,1,1,1,123611.70088031754,59515.29992802823,29558,20200403,20200404,0.3764942420253995,0.5828607691591555,0.040644988815445024,0.4983858197437503,5854055.0,0.37711239812688285,0.5836282165130016,0.039259385360115584,0.5019705838533485,8470586.0,0.11933543982440241,0.8108108108108109,-0.019245055859069864,0.6486486486486487,0.0,1.0
41193,NG020,Kano,NG020,Kano,2020-04-03,2020-04-05,1,1,1,18078.60849895473,913.2256000590762,153457,20200403,20200405,0.4727684792901625,0.5011033541407554,0.026128166569082133,0.5280232410357527,13612130.0,0.4727684792901625,0.5011033541407554,0.026128166569082133,0.5280232410357527,13612130.0,0.1241609281772341,0.8378378378378378,0.1241609281772341,0.8378378378378378,0.0,0.0
41194,NG014,Enugu,NG015,Federal Capital Territory,2020-04-03,2020-04-03,4,4,4,2933632.00069837,1140207.2889454444,11886,20200403,20200403,0.3548333037798759,0.5979631440077704,0.04720355221235371,0.48606967776766996,4415727.0,0.3761808011877354,0.6090082893686061,0.014810909443658583,0.5320270119615359,4834747.0,0.11263773985257676,0.7837837837837838,0.06716322463290017,0.7567567567567568,0.0,3.0
41195,NG019,Kaduna,NG027,Niger,2020-04-03,2020-04-15,1,1,1,299680.30305738613,137931.92372725843,1058130,20200403,20200415,0.46503701110532975,0.5075057258770135,0.027457263017656792,0.506968163107597,8758047.0,0.471202827926769,0.5035993963032889,0.025197775769942192,0.5093248027202903,5745269.0,-0.1703334579739599,0.5135135135135135,-0.2021904684270313,0.4594594594594595,0.0,1.0
41196,NG035,Taraba,NG035,Taraba,2020-04-03,2020-04-04,19,19,19,1224771.5276681068,57005.66168961321,712271,20200403,20200404,0.4572416308140842,0.515646300036468,0.027112069149447745,0.5130515216955309,3046503.0,0.4572416308140842,0.515646300036468,0.027112069149447745,0.5130515216955309,3046503.0,-0.3693491920970492,0.21621621621621623,-0.3693491920970492,0.21621621621621623,0.0,0.0
41197,NG010,Delta,NG010,Delta,2020-04-03,2020-04-04,89,89,89,1508817.2821048468,603672.2051150338,3405828,20200403,20200404,0.37205747147343576,0.5865213978831537,0.041421130643410485,0.5024198117756394,5827726.0,0.37205747147343576,0.5865213978831537,0.041421130643410485,0.5024198117756394,5827726.0,0.04986988030496243,0.7297297297297297,0.04986988030496243,0.7297297297297297,0.0,0.0
41198,NG014,Enugu,NG014,Enugu,2020-04-03,2020-04-03,290,133,76,6343075.450334278,1010710.4080887776,2008485,20200403,20200403,0.3548333037798759,0.5979631440077704,0.04720355221235371,0.48606967776766996,4415727.0,0.3548333037798759,0.5979631440077704,0.04720355221235371,0.48606967776766996,4415727.0,0.11263773985257676,0.7837837837837838,0.11263773985257676,0.7837837837837838,0.0,0.0
41199,NG002,Adamawa,NG002,Adamawa,2020-04-03,2020-04-04,55,55,55,334797.4766325243,129451.49409959756,2295162,20200403,20200404,0.4474419886826158,0.5186029019248742,0.03395510939250998,0.5068342598449392,4396599.0,0.4474419886826158,0.5186029019248742,0.03395510939250998,0.5068342598449392,4396599.0,-0.25839416341831756,0.35135135135135137,-0.25839416341831756,0.35135135135135137,0.0,0.0
41200,NG009,Cross River,NG009,Cross River,2020-04-03,2020-04-03,198,81,47,3619478.707199773,681648.1842354677,1185101,20200403,20200403,0.3831984467942394,0.5834763463285051,0.03332520687725556,0.5092349804775577,3958265.0,0.3831984467942394,0.5834763463285051,0.03332520687725556,0.5092349804775577,3958265.0,-0.18777845359495773,0.4864864864864865,-0.18777845359495773,0.4864864864864865,0.0,0.0
41201,NG019,Kaduna,NG015,Federal Capital Territory,2020-04-03,2020-04-03,11,11,9,2923259.332784783,1672188.518615903,154927,20200403,20200403,0.46503701110532975,0.5075057258770135,0.027457263017656792,0.506968163107597,8758047.0,0.3761808011877354,0.6090082893686061,0.014810909443658583,0.5320270119615359,4834747.0,-0.1703334579739599,0.5135135135135135,0.06716322463290017,0.7567567567567568,0.0,3.0
41202,NG023,Kogi,NG030,Osun,2020-04-03,2020-04-04,1,1,1,2143350.8268734277,323066.6472587757,29530,20200403,20200404,0.45037839661721446,0.5217364067083422,0.02788519667444328,0.506811428561977,4836724.0,0.36641836172583325,0.5944391290481575,0.03914250922600927,0.5059847910635072,4828740.0,-0.30831429069378413,0.2972972972972973,0.0026606813370417975,0.6756756756756757,0.0,6.0
41203,NG030,Osun,NG030,Osun,2020-04-03,2020-04-04,76,76,76,483220.0056049555,207217.47052215924,2950234,20200403,20200404,0.36641836172583325,0.5944391290481575,0.03914250922600927,0.5059847910635072,4828740.0,0.36641836172583325,0.5944391290481575,0.03914250922600927,0.5059847910635072,4828740.0,0.0026606813370417975,0.6756756756756757,0.0026606813370417975,0.6756756756756757,0.0,6.0
41204,NG009,Cross River,,,2020-04-03,2020-04-03,3,2,1,108388.96379799282,27087.863012341262,8084,20200403,20200403,0.3831984467942394,0.5834763463285051,0.03332520687725556,0.5092349804775577,3958265.0,,,,,,-0.18777845359495773,0.4864864864864865,,,0.0,
41205,NG015,Federal Capital Territory,NG015,Federal Capital Territory,2020-04-03,2020-04-05,1,1,1,3712675.196353311,928024.8565036017,126834,20200403,20200405,0.3761808011877354,0.6090082893686061,0.014810909443658583,0.5320270119615359,4834747.0,0.3761808011877354,0.6090082893686061,0.014810909443658583,0.5320270119615359,4834747.0,0.06716322463290017,0.7567567567567568,0.06716322463290017,0.7567567567567568,3.0,4.0
41206,NG015,Federal Capital Territory,NG023,Kogi,2020-04-03,2020-04-03,3,3,3,1331507.1562091175,631033.9073517036,67492,20200403,20200403,0.3761808011877354,0.6090082893686061,0.014810909443658583,0.5320270119615359,4834747.0,0.45037839661721446,0.5217364067083422,0.02788519667444328,0.506811428561977,4836724.0,0.06716322463290017,0.7567567567567568,-0.30831429069378413,0.2972972972972973,3.0,0.0
41207,NG026,Nasarawa,NG026,Nasarawa,2020-04-03,2020-04-03,83,54,42,2034510.4182222015,565516.8755988854,911333,20200403,20200403,0.458082127493156,0.5146632772780603,0.02725459522878373,0.5071486116542824,2557000.0,0.458082127493156,0.5146632772780603,0.02725459522878373,0.5071486116542824,2557000.0,-0.3814972133848704,0.1891891891891892,-0.3814972133848704,0.1891891891891892,0.0,0.0
41208,NG004,Anambra,NG004,Anambra,2020-04-03,2020-04-03,305,144,87,28817455.37063827,7040499.288185674,2103260,20200403,20200403,0.3550563739560004,0.6034760570706295,0.041467568973370096,0.5059823635153309,5936784.0,0.3550563739560004,0.6034760570706295,0.041467568973370096,0.5059823635153309,5936784.0,0.5172892070039768,0.9459459459459459,0.5172892070039768,0.9459459459459459,0.0,0.0
41209,NG013,Ekiti,NG013,Ekiti,2020-04-03,2020-04-03,146,79,43,1681016.4224548126,291936.2189611262,1004673,20200403,20200403,0.36629979561099096,0.5964268380769661,0.037273366312043005,0.5043048153321379,3510952.0,0.36629979561099096,0.5964268380769661,0.037273366312043005,0.5043048153321379,3510952.0,-0.12374139344950484,0.5945945945945946,-0.12374139344950484,0.5945945945945946,0.0,0.0
41210,NG019,Kaduna,NG023,Kogi,2020-04-03,2020-04-03,1,1,1,2143350.8268734277,316439.7617150392,20713,20200403,20200403,0.46503701110532975,0.5075057258770135,0.027457263017656792,0.506968163107597,8758047.0,0.45037839661721446,0.5217364067083422,0.02788519667444328,0.506811428561977,4836724.0,-0.1703334579739599,0.5135135135135135,-0.30831429069378413,0.2972972972972973,0.0,0.0
41212,NG001,Abia,NG001,Abia,2020-04-03,2020-04-04,17,17,17,103344.30905213862,53527.29832343421,609828,20200403,20200404,0.3534586567540875,0.5993948920037422,0.0471464512421703,0.5005799209430734,3878977.0,0.3534586567540875,0.5993948920037422,0.0471464512421703,0.5005799209430734,3878977.0,0.40455051037529577,0.918918918918919,0.40455051037529577,0.918918918918919,0.0,0.0
41213,NG005,Bauchi,NG005,Bauchi,2020-04-03,2020-04-04,53,53,53,441205.808138498,175262.42557646052,2080795,20200403,20200404,0.48096824368540303,0.4930077633721537,0.026023992942443307,0.5108444763587695,6690134.0,0.48096824368540303,0.4930077633721537,0.026023992942443307,0.5108444763587695,6690134.0,-0.4833208988736141,0.08108108108108109,-0.4833208988736141,0.08108108108108109,0.0,3.0
41214,NG021,Katsina,NG021,Katsina,2020-04-03,2020-04-05,1,1,1,6459.66729666102,6443.529724844362,100002,20200403,20200405,0.48655803853244695,0.4881893734794351,0.02525258798811795,0.509826765221673,8050462.0,0.48655803853244695,0.4881893734794351,0.02525258798811795,0.509826765221673,8050462.0,-0.4045410794272394,0.16216216216216217,-0.4045410794272394,0.16216216216216217,0.0,0.0
41215,NG028,Ogun,NG025,Lagos,2020-04-03,2020-04-04,30,30,30,1413506.8920147836,638447.786819932,964592,20200403,20200404,0.3764942420253995,0.5828607691591555,0.040644988815445024,0.4983858197437503,5854055.0,0.3302008890738382,0.6447111961662807,0.025087914759881112,0.5212037107602719,14879754.0,0.11933543982440241,0.8108108108108109,1.1187153694407612,1.0,0.0,11.0
41216,NG020,Kano,NG018,Jigawa,2020-04-03,2020-04-03,3,3,3,655000.5040652193,324434.01350893604,99397,20200403,20200403,0.4727684792901625,0.5011033541407554,0.026128166569082133,0.5280232410357527,13612130.0,0.4759832686855246,0.4966159109599566,0.02740082035451879,0.505479893884154,5921830.0,0.1241609281772341,0.8378378378378378,-0.49549208851903037,0.05405405405405406,0.0,0.0
41217,NG020,Kano,NG036,Yobe,2020-04-03,2020-04-03,1,1,1,977822.295127526,287590.3050129615,261,20200403,20200403,0.4727684792901625,0.5011033541407554,0.026128166569082133,0.5280232410357527,13612130.0,0.4691388179850362,0.5048995038050456,0.025961678209918262,0.5201260409235117,3619142.0,0.1241609281772341,0.8378378378378378,-0.5433016922627469,0.02702702702702703,0.0,0.0
41218,NG036,Yobe,NG036,Yobe,2020-04-03,2020-04-03,165,90,72,16490185.465302028,3761791.6388792526,1833253,20200403,20200403,0.4691388179850362,0.5048995038050456,0.025961678209918262,0.5201260409235117,3619142.0,0.4691388179850362,0.5048995038050456,0.025961678209918262,0.5201260409235117,3619142.0,-0.5433016922627469,0.02702702702702703,-0.5433016922627469,0.02702702702702703,0.0,0.0
41219,NG036,Yobe,NG033,Rivers,2020-04-03,2020-04-03,1,1,1,894318.6840440052,878159.4782674046,5967,20200403,20200403,0.4691388179850362,0.5048995038050456,0.025961678209918262,0.5201260409235117,3619142.0,0.3607179556377358,0.6064986277483454,0.03278341661391882,0.5155672987437575,7840763.0,-0.5433016922627469,0.02702702702702703,0.1614581709475816,0.8648648648648649,0.0,0.0
41220,NG015,Federal Capital Territory,NG008,Borno,2020-04-03,2020-04-03,1,1,1,865122.6021879495,824654.6885983372,45989,20200403,20200403,0.3761808011877354,0.6090082893686061,0.014810909443658583,0.5320270119615359,4834747.0,0.4656333169168363,0.5077319274989265,0.026634755584237252,0.5216485478678367,6594992.0,0.06716322463290017,0.7567567567567568,-0.21159417396202837,0.40540540540540543,3.0,0.0
41221,NG027,Niger,NG019,Kaduna,2020-04-03,2020-04-03,2,2,2,817642.8183966223,354585.5920783348,30231,20200403,20200403,0.471202827926769,0.5035993963032889,0.025197775769942192,0.5093248027202903,5745269.0,0.46503701110532975,0.5075057258770135,0.027457263017656792,0.506968163107597,8758047.0,-0.2021904684270313,0.4594594594594595,-0.1703334579739599,0.5135135135135135,0.0,0.0
41222,NG023,Kogi,NG023,Kogi,2020-04-03,2020-04-03,155,82,53,6729907.108186659,1470819.7818060978,1159632,20200403,20200403,0.45037839661721446,0.5217364067083422,0.02788519667444328,0.506811428561977,4836724.0,0.45037839661721446,0.5217364067083422,0.02788519667444328,0.506811428561977,4836724.0,-0.30831429069378413,0.2972972972972973,-0.30831429069378413,0.2972972972972973,0.0,0.0
41223,NG020,Kano,NG020,Kano,2020-04-03,2020-04-03,2532,1295,819,57408049.31176637,13349332.49055751,21151580,20200403,20200403,0.4727684792901625,0.5011033541407554,0.026128166569082133,0.5280232410357527,13612130.0,0.4727684792901625,0.5011033541407554,0.026128166569082133,0.5280232410357527,13612130.0,0.1241609281772341,0.8378378378378378,0.1241609281772341,0.8378378378378378,0.0,0.0
41224,NG028,Ogun,NG031,Oyo,2020-04-03,2020-04-03,4,4,4,595667.4108414166,319496.0630744699,71076,20200403,20200403,0.3764942420253995,0.5828607691591555,0.040644988815445024,0.4983858197437503,5854055.0,0.37711239812688285,0.5836282165130016,0.039259385360115584,0.5019705838533485,8470586.0,0.11933543982440241,0.8108108108108109,-0.019245055859069864,0.6486486486486487,0.0,0.0
41225,NG013,Ekiti,NG015,Federal Capital Territory,2020-04-03,2020-04-04,1,1,1,272217.8613744842,272217.8613744842,52680,20200403,20200404,0.36629979561099096,0.5964268380769661,0.037273366312043005,0.5043048153321379,3510952.0,0.3761808011877354,0.6090082893686061,0.014810909443658583,0.5320270119615359,4834747.0,-0.12374139344950484,0.5945945945945946,0.06716322463290017,0.7567567567567568,0.0,5.0
41226,NG006,Bayelsa,NG006,Bayelsa,2020-04-03,2020-04-03,51,30,19,3157584.5021589776,148449.56597533403,390128,20200403,20200403,0.37835323397591747,0.5884318304151591,0.03321493560892341,0.5125803164505587,2537774.0,0.37835323397591747,0.5884318304151591,0.03321493560892341,0.5125803164505587,2537774.0,-0.10448904236851947,0.6216216216216216,-0.10448904236851947,0.6216216216216216,0.0,0.0
41227,NG031,Oyo,NG028,Ogun,2020-04-03,2020-04-04,2,2,2,293074.3110983264,138591.11209193367,65022,20200403,20200404,0.37711239812688285,0.5836282165130016,0.039259385360115584,0.5019705838533485,8470586.0,0.3764942420253995,0.5828607691591555,0.040644988815445024,0.4983858197437503,5854055.0,-0.019245055859069864,0.6486486486486487,0.11933543982440241,0.8108108108108109,0.0,0.0
41228,NG025,Lagos,NG028,Ogun,2020-04-03,2020-04-04,38,38,38,1332730.5681037165,639768.1590909133,1316257,20200403,20200404,0.3302008890738382,0.6447111961662807,0.025087914759881112,0.5212037107602719,14879754.0,0.3764942420253995,0.5828607691591555,0.040644988815445024,0.4983858197437503,5854055.0,1.1187153694407612,1.0,0.11933543982440241,0.8108108108108109,7.0,0.0
41229,NG006,Bayelsa,NG033,Rivers,2020-04-03,2020-04-03,2,2,2,152606.54254130935,142926.86946867805,20344,20200403,20200403,0.37835323397591747,0.5884318304151591,0.03321493560892341,0.5125803164505587,2537774.0,0.3607179556377358,0.6064986277483454,0.03278341661391882,0.5155672987437575,7840763.0,-0.10448904236851947,0.6216216216216216,0.1614581709475816,0.8648648648648649,0.0,0.0
41230,NG014,Enugu,NG014,Enugu,2020-04-03,2020-04-04,38,38,38,420827.9026847703,96930.37396120348,1412070,20200403,20200404,0.3548333037798759,0.5979631440077704,0.04720355221235371,0.48606967776766996,4415727.0,0.3548333037798759,0.5979631440077704,0.04720355221235371,0.48606967776766996,4415727.0,0.11263773985257676,0.7837837837837838,0.11263773985257676,0.7837837837837838,0.0,0.0
41231,NG015,Federal Capital Territory,NG026,Nasarawa,2020-04-03,2020-04-03,20,20,18,1837108.1650287083,745979.5735773866,104766,20200403,20200403,0.3761808011877354,0.6090082893686061,0.014810909443658583,0.5320270119615359,4834747.0,0.458082127493156,0.5146632772780603,0.02725459522878373,0.5071486116542824,2557000.0,0.06716322463290017,0.7567567567567568,-0.3814972133848704,0.1891891891891892,3.0,0.0
41232,NG015,Federal Capital Territory,NG020,Kano,2020-04-03,2020-04-03,1,1,1,692793.4218961521,346395.1347783818,489,20200403,20200403,0.3761808011877354,0.6090082893686061,0.014810909443658583,0.5320270119615359,4834747.0,0.4727684792901625,0.5011033541407554,0.026128166569082133,0.5280232410357527,13612130.0,0.06716322463290017,0.7567567567567568,0.1241609281772341,0.8378378378378378,3.0,0.0
41233,NG002,Adamawa,NG015,Federal Capital Territory,2020-04-03,2020-04-19,1,1,1,840434.4897688612,649630.740693949,1369037,20200403,20200419,0.4474419886826158,0.5186029019248742,0.03395510939250998,0.5068342598449392,4396599.0,0.3761808011877354,0.6090082893686061,0.014810909443658583,0.5320270119615359,4834747.0,-0.25839416341831756,0.35135135135135137,0.06716322463290017,0.7567567567567568,0.0,7.0
41234,NG013,Ekiti,NG013,Ekiti,2020-04-03,2020-04-04,23,23,23,65162.52207520125,24130.16198647385,768584,20200403,20200404,0.36629979561099096,0.5964268380769661,0.037273366312043005,0.5043048153321379,3510952.0,0.36629979561099096,0.5964268380769661,0.037273366312043005,0.5043048153321379,3510952.0,-0.12374139344950484,0.5945945945945946,-0.12374139344950484,0.5945945945945946,0.0,0.0
41235,NG035,Taraba,NG035,Taraba,2020-04-03,2020-04-03,109,50,38,6860843.796303646,625028.2322391163,1012561,20200403,20200403,0.4572416308140842,0.515646300036468,0.027112069149447745,0.5130515216955309,3046503.0,0.4572416308140842,0.515646300036468,0.027112069149447745,0.5130515216955309,3046503.0,-0.3693491920970492,0.21621621621621623,-0.3693491920970492,0.21621621621621623,0.0,0.0
41236,NG032,Plateau,NG032,Plateau,2020-04-03,2020-04-03,268,127,89,8629948.960642261,1116568.281923024,2026748,20200403,20200403,0.44148344424442243,0.5246600953608579,0.033856460394719665,0.49981152163639675,4350632.0,0.44148344424442243,0.5246600953608579,0.033856460394719665,0.49981152163639675,4350632.0,-0.20435074060739566,0.43243243243243246,-0.20435074060739566,0.43243243243243246,0.0,0.0
41237,NG004,Anambra,NG004,Anambra,2020-04-03,2020-04-04,47,47,47,559339.6164385309,175183.38343770136,1763987,20200403,20200404,0.3550563739560004,0.6034760570706295,0.041467568973370096,0.5059823635153309,5936784.0,0.3550563739560004,0.6034760570706295,0.041467568973370096,0.5059823635153309,5936784.0,0.5172892070039768,0.9459459459459459,0.5172892070039768,0.9459459459459459,0.0,0.0
41238,NG028,Ogun,NG015,Federal Capital Territory,2020-04-03,2020-04-03,3,2,2,8415439.486231454,1423322.548409218,4398,20200403,20200403,0.3764942420253995,0.5828607691591555,0.040644988815445024,0.4983858197437503,5854055.0,0.3761808011877354,0.6090082893686061,0.014810909443658583,0.5320270119615359,4834747.0,0.11933543982440241,0.8108108108108109,0.06716322463290017,0.7567567567567568,0.0,3.0
41239,NG033,Rivers,NG033,Rivers,2020-04-03,2020-04-04,147,147,147,3535113.535365015,658830.1865973582,5092521,20200403,20200404,0.3607179556377358,0.6064986277483454,0.03278341661391882,0.5155672987437575,7840763.0,0.3607179556377358,0.6064986277483454,0.03278341661391882,0.5155672987437575,7840763.0,0.1614581709475816,0.8648648648648649,0.1614581709475816,0.8648648648648649,0.0,0.0
41240,NG003,Akwa Ibom,NG003,Akwa Ibom,2020-04-03,2020-04-04,12,12,12,133955.87373952987,13006.111464288411,411645,20200403,20200404,0.3714473458477974,0.5933145115115984,0.03523814264060416,0.5077076983792477,5665764.0,0.3714473458477974,0.5933145115115984,0.03523814264060416,0.5077076983792477,5665764.0,0.18670347513092306,0.8918918918918919,0.18670347513092306,0.8918918918918919,0.0,0.0
41241,NG024,Kwara,NG024,Kwara,2020-04-03,2020-04-04,113,113,113,2568657.6256917925,350680.71298863925,4199545,20200403,20200404,0.43856274012514257,0.5300045253998054,0.03143273447505214,0.5069599109955376,3378707.0,0.43856274012514257,0.5300045253998054,0.03143273447505214,0.5069599109955376,3378707.0,-0.15738931235438808,0.5405405405405406,-0.15738931235438808,0.5405405405405406,0.0,0.0
41242,NG028,Ogun,NG003,Akwa Ibom,2020-04-03,2020-04-03,1,1,1,1013498.7799553872,506722.1079902549,2746,20200403,20200403,0.3764942420253995,0.5828607691591555,0.040644988815445024,0.4983858197437503,5854055.0,0.3714473458477974,0.5933145115115984,0.03523814264060416,0.5077076983792477,5665764.0,0.11933543982440241,0.8108108108108109,0.18670347513092306,0.8918918918918919,0.0,0.0
41243,NG028,Ogun,NG028,Ogun,2020-04-03,2020-04-03,3180,1657,965,39276889.32314831,9684982.479045829,22104756,20200403,20200403,0.3764942420253995,0.5828607691591555,0.040644988815445024,0.4983858197437503,5854055.0,0.3764942420253995,0.5828607691591555,0.040644988815445024,0.4983858197437503,5854055.0,0.11933543982440241,0.8108108108108109,0.11933543982440241,0.8108108108108109,0.0,0.0
41244,NG027,Niger,NG015,Federal Capital Territory,2020-04-03,2020-04-03,10,10,10,1498297.365006425,422373.96488633024,143184,20200403,20200403,0.471202827926769,0.5035993963032889,0.025197775769942192,0.5093248027202903,5745269.0,0.3761808011877354,0.6090082893686061,0.014810909443658583,0.5320270119615359,4834747.0,-0.2021904684270313,0.4594594594594595,0.06716322463290017,0.7567567567567568,0.0,3.0
41245,NG027,Niger,NG027,Niger,2020-04-03,2020-04-09,1,1,1,714203.4760432425,76874.13038750025,505591,20200403,20200409,0.471202827926769,0.5035993963032889,0.025197775769942192,0.5093248027202903,5745269.0,0.471202827926769,0.5035993963032889,0.025197775769942192,0.5093248027202903,5745269.0,-0.2021904684270313,0.4594594594594595,-0.2021904684270313,0.4594594594594595,0.0,0.0
41246,NG034,Sokoto,NG015,Federal Capital Territory,2020-04-03,2020-04-03,1,1,1,1125358.2729886922,517554.3750160068,14371,20200403,20200403,0.476871893107996,0.4955998750778277,0.02752823181417628,0.505624481563039,5027130.0,0.3761808011877354,0.6090082893686061,0.014810909443658583,0.5320270119615359,4834747.0,-0.3255636908120886,0.2702702702702703,0.06716322463290017,0.7567567567567568,0.0,3.0
41247,NG016,Gombe,NG016,Gombe,2020-04-03,2020-04-04,41,41,41,721048.0666968131,382066.78415545286,1794290,20200403,20200404,0.4747655452041227,0.4988770635927775,0.02635739120309983,0.5284934612057086,3392445.0,0.4747655452041227,0.4988770635927775,0.02635739120309983,0.5284934612057086,3392445.0,-0.25910296259332805,0.32432432432432434,-0.25910296259332805,0.32432432432432434,0.0,0.0
41248,NG003,Akwa Ibom,NG003,Akwa Ibom,2020-04-03,2020-04-03,131,65,37,2469282.153993731,623511.9216077403,807002,20200403,20200403,0.3714473458477974,0.5933145115115984,0.03523814264060416,0.5077076983792477,5665764.0,0.3714473458477974,0.5933145115115984,0.03523814264060416,0.5077076983792477,5665764.0,0.18670347513092306,0.8918918918918919,0.18670347513092306,0.8918918918918919,0.0,0.0
41249,NG031,Oyo,NG025,Lagos,2020-04-03,2020-04-03,1,1,1,417038.64579106506,312912.2904428134,20976,20200403,20200403,0.37711239812688285,0.5836282165130016,0.039259385360115584,0.5019705838533485,8470586.0,0.3302008890738382,0.6447111961662807,0.025087914759881112,0.5212037107602719,14879754.0,-0.019245055859069864,0.6486486486486487,1.1187153694407612,1.0,0.0,7.0
41250,NG015,Federal Capital Territory,NG027,Niger,2020-04-03,2020-04-03,9,9,9,624770.6753281978,261174.98704621996,105360,20200403,20200403,0.3761808011877354,0.6090082893686061,0.014810909443658583,0.5320270119615359,4834747.0,0.471202827926769,0.5035993963032889,0.025197775769942192,0.5093248027202903,5745269.0,0.06716322463290017,0.7567567567567568,-0.2021904684270313,0.4594594594594595,3.0,0.0
41251,NG011,Ebonyi,NG011,Ebonyi,2020-04-03,2020-04-03,42,16,12,362074.42639809486,103993.14420654548,402355,20200403,20200403,0.407884931714409,0.5547080871017148,0.03740698118387615,0.4891615626926456,2983133.0,0.407884931714409,0.5547080871017148,0.03740698118387615,0.4891615626926456,2983133.0,-0.13893827298680297,0.5675675675675675,-0.13893827298680297,0.5675675675675675,0.0,0.0
41252,NG016,Gombe,NG016,Gombe,2020-04-03,2020-04-03,221,112,82,6741084.103204368,1001417.7728580458,2142397,20200403,20200403,0.4747655452041227,0.4988770635927775,0.02635739120309983,0.5284934612057086,3392445.0,0.4747655452041227,0.4988770635927775,0.02635739120309983,0.5284934612057086,3392445.0,-0.25910296259332805,0.32432432432432434,-0.25910296259332805,0.32432432432432434,0.0,0.0
41253,NG028,Ogun,NG025,Lagos,2020-04-03,2020-04-03,200,195,159,7469501.226159014,2987923.496894417,1684030,20200403,20200403,0.3764942420253995,0.5828607691591555,0.040644988815445024,0.4983858197437503,5854055.0,0.3302008890738382,0.6447111961662807,0.025087914759881112,0.5212037107602719,14879754.0,0.11933543982440241,0.8108108108108109,1.1187153694407612,1.0,0.0,7.0
41254,NG028,Ogun,NG001,Abia,2020-04-03,2020-04-03,1,1,1,845158.380155177,422579.1125875464,2174,20200403,20200403,0.3764942420253995,0.5828607691591555,0.040644988815445024,0.4983858197437503,5854055.0,0.3534586567540875,0.5993948920037422,0.0471464512421703,0.5005799209430734,3878977.0,0.11933543982440241,0.8108108108108109,0.40455051037529577,0.918918918918919,0.0,0.0
41255,NG018,Jigawa,NG020,Kano,2020-04-03,2020-04-03,3,3,3,451886.7535722673,365689.483594573,48880,20200403,20200403,0.4759832686855246,0.4966159109599566,0.02740082035451879,0.505479893884154,5921830.0,0.4727684792901625,0.5011033541407554,0.026128166569082133,0.5280232410357527,13612130.0,-0.49549208851903037,0.05405405405405406,0.1241609281772341,0.8378378378378378,0.0,0.0
41256,NG019,Kaduna,NG020,Kano,2020-04-03,2020-04-03,3,3,3,1058317.6939649058,478670.302986137,66498,20200403,20200403,0.46503701110532975,0.5075057258770135,0.027457263017656792,0.506968163107597,8758047.0,0.4727684792901625,0.5011033541407554,0.026128166569082133,0.5280232410357527,13612130.0,-0.1703334579739599,0.5135135135135135,0.1241609281772341,0.8378378378378378,0.0,0.0
41257,NG033,Rivers,NG033,Rivers,2020-04-03,2020-04-03,1253,606,368,29302640.72783682,7209970.14907416,8592729,20200403,20200403,0.3607179556377358,0.6064986277483454,0.03278341661391882,0.5155672987437575,7840763.0,0.3607179556377358,0.6064986277483454,0.03278341661391882,0.5155672987437575,7840763.0,0.1614581709475816,0.8648648648648649,0.1614581709475816,0.8648648648648649,0.0,0.0
41258,NG012,Edo,NG012,Edo,2020-04-03,2020-04-03,509,259,170,8746202.487681925,1849054.9281541249,4002504,20200403,20200403,0.3648963025856633,0.5925314188027963,0.04257227861154045,0.5050509097282766,4393070.0,0.3648963025856633,0.5925314188027963,0.04257227861154045,0.5050509097282766,4393070.0,0.048192548470072316,0.7027027027027027,0.048192548470072316,0.7027027027027027,0.0,0.0
41259,NG026,Nasarawa,NG026,Nasarawa,2020-04-03,2020-04-04,26,26,26,312959.6302519446,47290.04924244025,1287061,20200403,20200404,0.458082127493156,0.5146632772780603,0.02725459522878373,0.5071486116542824,2557000.0,0.458082127493156,0.5146632772780603,0.02725459522878373,0.5071486116542824,2557000.0,-0.3814972133848704,0.1891891891891892,-0.3814972133848704,0.1891891891891892,0.0,0.0
41260,NG009,Cross River,NG003,Akwa Ibom,2020-04-03,2020-04-03,1,1,1,91609.44044421065,45855.16608760915,2294,20200403,20200403,0.3831984467942394,0.5834763463285051,0.03332520687725556,0.5092349804775577,3958265.0,0.3714473458477974,0.5933145115115984,0.03523814264060416,0.5077076983792477,5665764.0,-0.18777845359495773,0.4864864864864865,0.18670347513092306,0.8918918918918919,0.0,0.0
41261,NG010,Delta,NG010,Delta,2020-04-03,2020-04-03,662,368,205,5912129.6855249135,1601143.9285635925,4207331,20200403,20200403,0.37205747147343576,0.5865213978831537,0.041421130643410485,0.5024198117756394,5827726.0,0.37205747147343576,0.5865213978831537,0.041421130643410485,0.5024198117756394,5827726.0,0.04986988030496243,0.7297297297297297,0.04986988030496243,0.7297297297297297,0.0,0.0
41262,NG021,Katsina,NG037,Zamfara,2020-04-03,2020-04-03,1,1,1,76548.55131675563,37317.09371367431,3142,20200403,20200403,0.48655803853244695,0.4881893734794351,0.02525258798811795,0.509826765221673,8050462.0,0.4822951286895683,0.49170011989092705,0.026004751419504635,0.5030233221454106,4568319.0,-0.4045410794272394,0.16216216216216217,-0.4763162522559063,0.10810810810810811,0.0,0.0
41263,NG007,Benue,NG007,Benue,2020-04-03,2020-04-03,92,47,29,2291217.1857048487,471858.31691673526,606789,20200403,20200403,0.4617573940726351,0.5075744703975699,0.030668135529795037,0.5046642022050832,5814928.0,0.4617573940726351,0.5075744703975699,0.030668135529795037,0.5046642022050832,5814928.0,-0.36118153353601457,0.24324324324324326,-0.36118153353601457,0.24324324324324326,0.0,0.0
41264,NG020,Kano,NG020,Kano,2020-04-03,2020-04-10,1,1,1,10035.76830812819,10035.76830812819,615046,20200403,20200410,0.4727684792901625,0.5011033541407554,0.026128166569082133,0.5280232410357527,13612130.0,0.4727684792901625,0.5011033541407554,0.026128166569082133,0.5280232410357527,13612130.0,0.1241609281772341,0.8378378378378378,0.1241609281772341,0.8378378378378378,0.0,0.0
41265,NG025,Lagos,NG025,Lagos,2020-04-03,2020-04-03,14257,8285,4507,184635662.57700005,58618561.85620397,91861140,20200403,20200403,0.3302008890738382,0.6447111961662807,0.025087914759881112,0.5212037107602719,14879754.0,0.3302008890738382,0.6447111961662807,0.025087914759881112,0.5212037107602719,14879754.0,1.1187153694407612,1.0,1.1187153694407612,1.0,7.0,7.0
41266,NG014,Enugu,NG001,Abia,2020-04-03,2020-04-03,1,1,1,153659.4564949581,56967.16917731553,10400,20200403,20200403,0.3548333037798759,0.5979631440077704,0.04720355221235371,0.48606967776766996,4415727.0,0.3534586567540875,0.5993948920037422,0.0471464512421703,0.5005799209430734,3878977.0,0.11263773985257676,0.7837837837837838,0.40455051037529577,0.918918918918919,0.0,0.0
41267,NG019,Kaduna,NG015,Federal Capital Territory,2020-04-03,2020-04-07,1,1,1,234255.76504956136,233033.07936322517,314880,20200403,20200407,0.46503701110532975,0.5075057258770135,0.027457263017656792,0.506968163107597,8758047.0,0.3761808011877354,0.6090082893686061,0.014810909443658583,0.5320270119615359,4834747.0,-0.1703334579739599,0.5135135135135135,0.06716322463290017,0.7567567567567568,0.0,2.0
41268,NG025,Lagos,NG028,Ogun,2020-04-03,2020-04-03,190,181,153,7144776.941723263,3084730.012442086,1502305,20200403,20200403,0.3302008890738382,0.6447111961662807,0.025087914759881112,0.5212037107602719,14879754.0,0.3764942420253995,0.5828607691591555,0.040644988815445024,0.4983858197437503,5854055.0,1.1187153694407612,1.0,0.11933543982440241,0.8108108108108109,7.0,0.0
41269,NG027,Niger,NG027,Niger,2020-04-03,2020-04-03,335,191,136,6930530.375861894,1705068.7547267908,3480820,20200403,20200403,0.471202827926769,0.5035993963032889,0.025197775769942192,0.5093248027202903,5745269.0,0.471202827926769,0.5035993963032889,0.025197775769942192,0.5093248027202903,5745269.0,-0.2021904684270313,0.4594594594594595,-0.2021904684270313,0.4594594594594595,0.0,0.0
41270,NG029,Ondo,NG029,Ondo,2020-04-03,2020-04-04,31,31,31,153418.781750241,58055.044315759485,1079588,20200403,20200404,0.37893516274736494,0.5832181604477588,0.03784667680487627,0.5035690220992856,4673409.0,0.37893516274736494,0.5832181604477588,0.03784667680487627,0.5035690220992856,4673409.0,-0.23320407133660132,0.3783783783783784,-0.23320407133660132,0.3783783783783784,0.0,1.0
41271,NG022,Kebbi,NG022,Kebbi,2020-04-03,2020-04-03,221,98,62,5351900.734988273,950698.6837640328,1770252,20200403,20200403,0.4855904279683244,0.48801456343612665,0.026395008595548938,0.5032996532071795,4510474.0,0.4855904279683244,0.48801456343612665,0.026395008595548938,0.5032996532071795,4510474.0,-0.4166000362854463,0.13513513513513514,-0.4166000362854463,0.13513513513513514,0.0,0.0
41272,NG015,Federal Capital Territory,NG014,Enugu,2020-04-03,2020-04-03,4,4,4,2933632.00069837,1165323.072985608,15200,20200403,20200403,0.3761808011877354,0.6090082893686061,0.014810909443658583,0.5320270119615359,4834747.0,0.3548333037798759,0.5979631440077704,0.04720355221235371,0.48606967776766996,4415727.0,0.06716322463290017,0.7567567567567568,0.11263773985257676,0.7837837837837838,3.0,0.0
41273,NG032,Plateau,NG032,Plateau,2020-04-03,2020-04-04,44,44,44,440456.4442415905,162098.95862206275,1883173,20200403,20200404,0.44148344424442243,0.5246600953608579,0.033856460394719665,0.49981152163639675,4350632.0,0.44148344424442243,0.5246600953608579,0.033856460394719665,0.49981152163639675,4350632.0,-0.20435074060739566,0.43243243243243246,-0.20435074060739566,0.43243243243243246,0.0,0.0
41274,NG018,Jigawa,NG018,Jigawa,2020-04-03,2020-04-03,132,74,44,1929500.7475769368,573558.9324275733,985561,20200403,20200403,0.4759832686855246,0.4966159109599566,0.02740082035451879,0.505479893884154,5921830.0,0.4759832686855246,0.4966159109599566,0.02740082035451879,0.505479893884154,5921830.0,-0.49549208851903037,0.05405405405405406,-0.49549208851903037,0.05405405405405406,0.0,0.0
41275,NG025,Lagos,NG010,Delta,2020-04-03,2020-04-03,2,2,2,1120477.8390953147,499427.8092458374,17108,20200403,20200403,0.3302008890738382,0.6447111961662807,0.025087914759881112,0.5212037107602719,14879754.0,0.37205747147343576,0.5865213978831537,0.041421130643410485,0.5024198117756394,5827726.0,1.1187153694407612,1.0,0.04986988030496243,0.7297297297297297,7.0,0.0
41276,NG011,Ebonyi,NG014,Enugu,2020-04-03,2020-04-03,1,1,1,153659.4564949581,55670.04170221926,5398,20200403,20200403,0.407884931714409,0.5547080871017148,0.03740698118387615,0.4891615626926456,2983133.0,0.3548333037798759,0.5979631440077704,0.04720355221235371,0.48606967776766996,4415727.0,-0.13893827298680297,0.5675675675675675,0.11263773985257676,0.7837837837837838,0.0,0.0
41277,NG029,Ondo,NG029,Ondo,2020-04-03,2020-04-03,256,138,70,1331741.600753149,443785.62891021016,1500745,20200403,20200403,0.37893516274736494,0.5832181604477588,0.03784667680487627,0.5035690220992856,4673409.0,0.37893516274736494,0.5832181604477588,0.03784667680487627,0.5035690220992856,4673409.0,-0.23320407133660132,0.3783783783783784,-0.23320407133660132,0.3783783783783784,0.0,0.0
41278,NG015,Federal Capital Territory,NG025,Lagos,2020-04-03,2020-04-03,2,2,2,1561923.89970907,1014527.0776515563,48748,20200403,20200403,0.3761808011877354,0.6090082893686061,0.014810909443658583,0.5320270119615359,4834747.0,0.3302008890738382,0.6447111961662807,0.025087914759881112,0.5212037107602719,14879754.0,0.06716322463290017,0.7567567567567568,1.1187153694407612,1.0,3.0,7.0
41279,NG037,Zamfara,NG037,Zamfara,2020-04-03,2020-04-03,178,88,60,4832644.72033487,1111213.1514957126,1437000,20200403,20200403,0.4822951286895683,0.49170011989092705,0.026004751419504635,0.5030233221454106,4568319.0,0.4822951286895683,0.49170011989092705,0.026004751419504635,0.5030233221454106,4568319.0,-0.4763162522559063,0.10810810810810811,-0.4763162522559063,0.10810810810810811,0.0,0.0
41280,NG019,Kaduna,NG019,Kaduna,2020-04-03,2020-04-03,1231,767,521,27311829.3134313,5801799.569748224,11990110,20200403,20200403,0.46503701110532975,0.5075057258770135,0.027457263017656792,0.506968163107597,8758047.0,0.46503701110532975,0.5075057258770135,0.027457263017656792,0.506968163107597,8758047.0,-0.1703334579739599,0.5135135135135135,-0.1703334579739599,0.5135135135135135,0.0,0.0
41281,NG015,Federal Capital Territory,NG015,Federal Capital Territory,2020-04-03,2020-04-03,6816,4052,2077,159381671.07244673,53835580.54977833,37479915,20200403,20200403,0.3761808011877354,0.6090082893686061,0.014810909443658583,0.5320270119615359,4834747.0,0.3761808011877354,0.6090082893686061,0.014810909443658583,0.5320270119615359,4834747.0,0.06716322463290017,0.7567567567567568,0.06716322463290017,0.7567567567567568,3.0,3.0
41282,NG031,Oyo,NG031,Oyo,2020-04-03,2020-04-03,1957,917,535,32673666.29352375,8265895.969914289,12518173,20200403,20200403,0.37711239812688285,0.5836282165130016,0.039259385360115584,0.5019705838533485,8470586.0,0.37711239812688285,0.5836282165130016,0.039259385360115584,0.5019705838533485,8470586.0,-0.019245055859069864,0.6486486486486487,-0.019245055859069864,0.6486486486486487,0.0,0.0
41283,NG021,Katsina,NG021,Katsina,2020-04-03,2020-04-04,69,69,69,553607.5691100475,225550.03146888,3198769,20200403,20200404,0.48655803853244695,0.4881893734794351,0.02525258798811795,0.509826765221673,8050462.0,0.48655803853244695,0.4881893734794351,0.02525258798811795,0.509826765221673,8050462.0,-0.4045410794272394,0.16216216216216217,-0.4045410794272394,0.16216216216216217,0.0,0.0
41284,NG019,Kaduna,NG019,Kaduna,2020-04-03,2020-04-04,268,268,268,4914336.298087428,968235.120203957,10537311,20200403,20200404,0.46503701110532975,0.5075057258770135,0.027457263017656792,0.506968163107597,8758047.0,0.46503701110532975,0.5075057258770135,0.027457263017656792,0.506968163107597,8758047.0,-0.1703334579739599,0.5135135135135135,-0.1703334579739599,0.5135135135135135,0.0,0.0
41285,NG024,Kwara,NG024,Kwara,2020-04-03,2020-04-03,866,468,261,13917002.849326134,3378742.2167876908,6014613,20200403,20200403,0.43856274012514257,0.5300045253998054,0.03143273447505214,0.5069599109955376,3378707.0,0.43856274012514257,0.5300045253998054,0.03143273447505214,0.5069599109955376,3378707.0,-0.15738931235438808,0.5405405405405406,-0.15738931235438808,0.5405405405405406,0.0,0.0
41286,NG006,Bayelsa,NG006,Bayelsa,2020-04-03,2020-04-04,8,8,8,12000.030751171327,4610.837631903545,317594,20200403,20200404,0.37835323397591747,0.5884318304151591,0.03321493560892341,0.5125803164505587,2537774.0,0.37835323397591747,0.5884318304151591,0.03321493560892341,0.5125803164505587,2537774.0,-0.10448904236851947,0.6216216216216216,-0.10448904236851947,0.6216216216216216,0.0,0.0
41287,NG029,Ondo,NG013,Ekiti,2020-04-03,2020-04-04,1,1,1,66292.8816013404,32949.22382585784,81231,20200403,20200404,0.37893516274736494,0.5832181604477588,0.03784667680487627,0.5035690220992856,4673409.0,0.36629979561099096,0.5964268380769661,0.037273366312043005,0.5043048153321379,3510952.0,-0.23320407133660132,0.3783783783783784,-0.12374139344950484,0.5945945945945946,0.0,0.0
41288,NG029,Ondo,NG012,Edo,2020-04-03,2020-04-03,1,1,1,49462.717958413545,24729.06136741525,36914,20200403,20200403,0.37893516274736494,0.5832181604477588,0.03784667680487627,0.5035690220992856,4673409.0,0.3648963025856633,0.5925314188027963,0.04257227861154045,0.5050509097282766,4393070.0,-0.23320407133660132,0.3783783783783784,0.048192548470072316,0.7027027027027027,0.0,0.0
41289,NG032,Plateau,NG007,Benue,2020-04-03,2020-04-03,1,1,1,240757.0279521748,240363.5871404136,37331,20200403,20200403,0.44148344424442243,0.5246600953608579,0.033856460394719665,0.49981152163639675,4350632.0,0.4617573940726351,0.5075744703975699,0.030668135529795037,0.5046642022050832,5814928.0,-0.20435074060739566,0.43243243243243246,-0.36118153353601457,0.24324324324324326,0.0,0.0
41290,NG022,Kebbi,NG022,Kebbi,2020-04-03,2020-04-04,37,37,37,582595.9945048772,223599.73310261077,1392499,20200403,20200404,0.4855904279683244,0.48801456343612665,0.026395008595548938,0.5032996532071795,4510474.0,0.4855904279683244,0.48801456343612665,0.026395008595548938,0.5032996532071795,4510474.0,-0.4166000362854463,0.13513513513513514,-0.4166000362854463,0.13513513513513514,0.0,0.0
41291,NG025,Lagos,NG025,Lagos,2020-04-03,2020-04-04,1946,1946,1946,16517405.342867969,6853119.799609904,70446459,20200403,20200404,0.3302008890738382,0.6447111961662807,0.025087914759881112,0.5212037107602719,14879754.0,0.3302008890738382,0.6447111961662807,0.025087914759881112,0.5212037107602719,14879754.0,1.1187153694407612,1.0,1.1187153694407612,1.0,7.0,11.0
41292,NG030,Osun,NG028,Ogun,2020-04-03,2020-04-03,1,1,1,292544.58898695564,146398.4707161104,26202,20200403,20200403,0.36641836172583325,0.5944391290481575,0.03914250922600927,0.5059847910635072,4828740.0,0.3764942420253995,0.5828607691591555,0.040644988815445024,0.4983858197437503,5854055.0,0.0026606813370417975,0.6756756756756757,0.11933543982440241,0.8108108108108109,0.0,0.0
41293,NG034,Sokoto,NG034,Sokoto,2020-04-03,2020-04-03,384,191,119,13895427.751985434,2811020.8408414824,2988522,20200403,20200403,0.476871893107996,0.4955998750778277,0.02752823181417628,0.505624481563039,5027130.0,0.476871893107996,0.4955998750778277,0.02752823181417628,0.505624481563039,5027130.0,-0.3255636908120886,0.2702702702702703,-0.3255636908120886,0.2702702702702703,0.0,0.0
41294,NG023,Kogi,NG012,Edo,2020-04-03,2020-04-03,3,3,3,255033.4054056281,191786.3837383692,21030,20200403,20200403,0.45037839661721446,0.5217364067083422,0.02788519667444328,0.506811428561977,4836724.0,0.3648963025856633,0.5925314188027963,0.04257227861154045,0.5050509097282766,4393070.0,-0.30831429069378413,0.2972972972972973,0.048192548470072316,0.7027027027027027,0.0,0.0
41295,NG028,Ogun,NG006,Bayelsa,2020-04-03,2020-04-10,1,1,1,822028.3335728587,411031.35840583016,636861,20200403,20200410,0.3764942420253995,0.5828607691591555,0.040644988815445024,0.4983858197437503,5854055.0,0.37835323397591747,0.5884318304151591,0.03321493560892341,0.5125803164505587,2537774.0,0.11933543982440241,0.8108108108108109,-0.10448904236851947,0.6216216216216216,0.0,0.0
41296,NG008,Borno,NG008,Borno,2020-04-03,2020-04-03,1063,558,329,16477693.924578631,4064496.3346446822,7773233,20200403,20200403,0.4656333169168363,0.5077319274989265,0.026634755584237252,0.5216485478678367,6594992.0,0.4656333169168363,0.5077319274989265,0.026634755584237252,0.5216485478678367,6594992.0,-0.21159417396202837,0.40540540540540543,-0.21159417396202837,0.40540540540540543,0.0,0.0
41297,NG001,Abia,NG001,Abia,2020-04-03,2020-04-03,70,45,29,423333.42164359166,185825.23341048352,915734,20200403,20200403,0.3534586567540875,0.5993948920037422,0.0471464512421703,0.5005799209430734,3878977.0,0.3534586567540875,0.5993948920037422,0.0471464512421703,0.5005799209430734,3878977.0,0.40455051037529577,0.918918918918919,0.40455051037529577,0.918918918918919,0.0,0.0
41298,NG005,Bauchi,NG005,Bauchi,2020-04-03,2020-04-03,294,149,102,6168304.0458495,1233338.204777847,2629713,20200403,20200403,0.48096824368540303,0.4930077633721537,0.026023992942443307,0.5108444763587695,6690134.0,0.48096824368540303,0.4930077633721537,0.026023992942443307,0.5108444763587695,6690134.0,-0.4833208988736141,0.08108108108108109,-0.4833208988736141,0.08108108108108109,0.0,0.0
41299,NG037,Zamfara,NG037,Zamfara,2020-04-03,2020-04-04,34,34,34,389075.2169187849,194671.319449256,1473600,20200403,20200404,0.4822951286895683,0.49170011989092705,0.026004751419504635,0.5030233221454106,4568319.0,0.4822951286895683,0.49170011989092705,0.026004751419504635,0.5030233221454106,4568319.0,-0.4763162522559063,0.10810810810810811,-0.4763162522559063,0.10810810810810811,0.0,0.0
41300,NG018,Jigawa,NG018,Jigawa,2020-04-03,2020-04-04,23,23,23,393170.637968147,116432.4926609028,809694,20200403,20200404,0.4759832686855246,0.4966159109599566,0.02740082035451879,0.505479893884154,5921830.0,0.4759832686855246,0.4966159109599566,0.02740082035451879,0.505479893884154,5921830.0,-0.49549208851903037,0.05405405405405406,-0.49549208851903037,0.05405405405405406,0.0,0.0
41301,NG031,Oyo,NG028,Ogun,2020-04-03,2020-04-03,1,1,1,123611.70088031754,64096.4009522893,50348,20200403,20200403,0.37711239812688285,0.5836282165130016,0.039259385360115584,0.5019705838533485,8470586.0,0.3764942420253995,0.5828607691591555,0.040644988815445024,0.4983858197437503,5854055.0,-0.019245055859069864,0.6486486486486487,0.11933543982440241,0.8108108108108109,0.0,0.0
41302,NG005,Bauchi,NG005,Bauchi,2020-04-03,2020-04-05,1,1,1,18613.435091855223,1011.2833515556988,107235,20200403,20200405,0.48096824368540303,0.4930077633721537,0.026023992942443307,0.5108444763587695,6690134.0,0.48096824368540303,0.4930077633721537,0.026023992942443307,0.5108444763587695,6690134.0,-0.4833208988736141,0.08108108108108109,-0.4833208988736141,0.08108108108108109,0.0,0.0
41303,NG028,Ogun,NG028,Ogun,2020-04-03,2020-04-04,445,445,445,2939747.645671615,1036579.7401995232,16569279,20200403,20200404,0.3764942420253995,0.5828607691591555,0.040644988815445024,0.4983858197437503,5854055.0,0.3764942420253995,0.5828607691591555,0.040644988815445024,0.4983858197437503,5854055.0,0.11933543982440241,0.8108108108108109,0.11933543982440241,0.8108108108108109,0.0,0.0
41304,NG036,Yobe,NG036,Yobe,2020-04-03,2020-04-04,38,38,38,918270.6686332818,133335.36712051005,1521509,20200403,20200404,0.4691388179850362,0.5048995038050456,0.025961678209918262,0.5201260409235117,3619142.0,0.4691388179850362,0.5048995038050456,0.025961678209918262,0.5201260409235117,3619142.0,-0.5433016922627469,0.02702702702702703,-0.5433016922627469,0.02702702702702703,0.0,0.0
41305,NG030,Osun,NG031,Oyo,2020-04-03,2020-04-04,3,3,3,372095.4258783215,173882.84394514866,111698,20200403,20200404,0.36641836172583325,0.5944391290481575,0.03914250922600927,0.5059847910635072,4828740.0,0.37711239812688285,0.5836282165130016,0.039259385360115584,0.5019705838533485,8470586.0,0.0026606813370417975,0.6756756756756757,-0.019245055859069864,0.6486486486486487,0.0,1.0
41306,NG027,Niger,NG015,Federal Capital Territory,2020-04-03,2020-04-04,2,2,2,136704.94278677338,61629.50095676599,43299,20200403,20200404,0.471202827926769,0.5035993963032889,0.025197775769942192,0.5093248027202903,5745269.0,0.3761808011877354,0.6090082893686061,0.014810909443658583,0.5320270119615359,4834747.0,-0.2021904684270313,0.4594594594594595,0.06716322463290017,0.7567567567567568,0.0,5.0
41307,NG018,Jigawa,NG032,Plateau,2020-04-03,2020-04-03,1,1,1,440243.22613364586,217398.98456752035,3843,20200403,20200403,0.4759832686855246,0.4966159109599566,0.02740082035451879,0.505479893884154,5921830.0,0.44148344424442243,0.5246600953608579,0.033856460394719665,0.49981152163639675,4350632.0,-0.49549208851903037,0.05405405405405406,-0.20435074060739566,0.43243243243243246,0.0,0.0
41308,NG023,Kogi,NG023,Kogi,2020-04-03,2020-04-05,1,1,1,225016.9843256988,55978.04574059061,177686,20200403,20200405,0.45037839661721446,0.5217364067083422,0.02788519667444328,0.506811428561977,4836724.0,0.45037839661721446,0.5217364067083422,0.02788519667444328,0.506811428561977,4836724.0,-0.30831429069378413,0.2972972972972973,-0.30831429069378413,0.2972972972972973,0.0,0.0
41309,NG017,Imo,NG004,Anambra,2020-04-03,2020-04-03,1,1,1,94270.4373398021,44769.82306852502,19122,20200403,20200403,0.36002907241370796,0.5951188700839131,0.044852057502378986,0.5015110336551765,5547527.0,0.3550563739560004,0.6034760570706295,0.041467568973370096,0.5059823635153309,5936784.0,0.5387774131767987,0.972972972972973,0.5172892070039768,0.9459459459459459,0.0,0.0
41310,NG010,Delta,NG004,Anambra,2020-04-03,2020-04-04,2,2,2,67339.89710350717,33478.355407545336,54712,20200403,20200404,0.37205747147343576,0.5865213978831537,0.041421130643410485,0.5024198117756394,5827726.0,0.3550563739560004,0.6034760570706295,0.041467568973370096,0.5059823635153309,5936784.0,0.04986988030496243,0.7297297297297297,0.5172892070039768,0.9459459459459459,0.0,0.0
41311,NG013,Ekiti,NG024,Kwara,2020-04-03,2020-04-03,1,1,1,500296.41559645167,124528.50416948544,2645,20200403,20200403,0.36629979561099096,0.5964268380769661,0.037273366312043005,0.5043048153321379,3510952.0,0.43856274012514257,0.5300045253998054,0.03143273447505214,0.5069599109955376,3378707.0,-0.12374139344950484,0.5945945945945946,-0.15738931235438808,0.5405405405405406,0.0,0.0
41312,NG012,Edo,NG029,Ondo,2020-04-03,2020-04-03,1,1,1,49462.717958413545,24729.30799050936,12337,20200403,20200403,0.3648963025856633,0.5925314188027963,0.04257227861154045,0.5050509097282766,4393070.0,0.37893516274736494,0.5832181604477588,0.03784667680487627,0.5035690220992856,4673409.0,0.048192548470072316,0.7027027027027027,-0.23320407133660132,0.3783783783783784,0.0,0.0
41313,NG004,Anambra,NG010,Delta,2020-04-03,2020-04-04,1,1,1,19572.86302060482,10310.74361672729,73264,20200403,20200404,0.3550563739560004,0.6034760570706295,0.041467568973370096,0.5059823635153309,5936784.0,0.37205747147343576,0.5865213978831537,0.041421130643410485,0.5024198117756394,5827726.0,0.5172892070039768,0.9459459459459459,0.04986988030496243,0.7297297297297297,0.0,0.0
41314,NG012,Edo,NG010,Delta,2020-04-03,2020-04-03,1,1,1,66995.05384112123,29942.71251743476,21325,20200403,20200403,0.3648963025856633,0.5925314188027963,0.04257227861154045,0.5050509097282766,4393070.0,0.37205747147343576,0.5865213978831537,0.041421130643410485,0.5024198117756394,5827726.0,0.048192548470072316,0.7027027027027027,0.04986988030496243,0.7297297297297297,0.0,0.0
41315,NG031,Oyo,NG031,Oyo,2020-04-03,2020-04-07,1,1,1,12770.852417035654,6316.46411783954,336782,20200403,20200407,0.37711239812688285,0.5836282165130016,0.039259385360115584,0.5019705838533485,8470586.0,0.37711239812688285,0.5836282165130016,0.039259385360115584,0.5019705838533485,8470586.0,-0.019245055859069864,0.6486486486486487,-0.019245055859069864,0.6486486486486487,0.0,2.0
41316,NG011,Ebonyi,NG011,Ebonyi,2020-04-03,2020-04-04,6,6,6,30339.874314540102,11353.65870248478,217592,20200403,20200404,0.407884931714409,0.5547080871017148,0.03740698118387615,0.4891615626926456,2983133.0,0.407884931714409,0.5547080871017148,0.03740698118387615,0.4891615626926456,2983133.0,-0.13893827298680297,0.5675675675675675,-0.13893827298680297,0.5675675675675675,0.0,0.0
41317,NG036,Yobe,NG018,Jigawa,2020-04-03,2020-04-03,1,1,1,43958.72888543573,24023.07786220512,1447,20200403,20200403,0.4691388179850362,0.5048995038050456,0.025961678209918262,0.5201260409235117,3619142.0,0.4759832686855246,0.4966159109599566,0.02740082035451879,0.505479893884154,5921830.0,-0.5433016922627469,0.02702702702702703,-0.49549208851903037,0.05405405405405406,0.0,0.0
41318,NG015,Federal Capital Territory,NG005,Bauchi,2020-04-03,2020-04-03,2,2,2,2706657.1102067987,614812.2444350051,27375,20200403,20200403,0.3761808011877354,0.6090082893686061,0.014810909443658583,0.5320270119615359,4834747.0,0.48096824368540303,0.4930077633721537,0.026023992942443307,0.5108444763587695,6690134.0,0.06716322463290017,0.7567567567567568,-0.4833208988736141,0.08108108108108109,3.0,0.0
41319,NG015,Federal Capital Territory,NG025,Lagos,2020-04-03,2020-04-28,1,1,1,528955.6274701887,528919.9375347032,2162472,20200403,20200428,0.3761808011877354,0.6090082893686061,0.014810909443658583,0.5320270119615359,4834747.0,0.3302008890738382,0.6447111961662807,0.025087914759881112,0.5212037107602719,14879754.0,0.06716322463290017,0.7567567567567568,1.1187153694407612,1.0,3.0,80.0
41320,NG005,Bauchi,NG008,Borno,2020-04-03,2020-04-11,1,1,1,458425.64799764025,324973.5926052741,683347,20200403,20200411,0.48096824368540303,0.4930077633721537,0.026023992942443307,0.5108444763587695,6690134.0,0.4656333169168363,0.5077319274989265,0.026634755584237252,0.5216485478678367,6594992.0,-0.4833208988736141,0.08108108108108109,-0.21159417396202837,0.40540540540540543,0.0,0.0
41321,NG015,Federal Capital Territory,NG025,Lagos,2020-04-03,2020-04-26,2,2,2,1147820.7676558592,1066475.2019992825,3943501,20200403,20200426,0.3761808011877354,0.6090082893686061,0.014810909443658583,0.5320270119615359,4834747.0,0.3302008890738382,0.6447111961662807,0.025087914759881112,0.5212037107602719,14879754.0,0.06716322463290017,0.7567567567567568,1.1187153694407612,1.0,3.0,42.0
41322,NG010,Delta,NG024,Kwara,2020-04-03,2020-04-03,1,1,1,750663.3945405637,375255.1100498904,1791,20200403,20200403,0.37205747147343576,0.5865213978831537,0.041421130643410485,0.5024198117756394,5827726.0,0.43856274012514257,0.5300045253998054,0.03143273447505214,0.5069599109955376,3378707.0,0.04986988030496243,0.7297297297297297,-0.15738931235438808,0.5405405405405406,0.0,0.0
41323,NG025,Lagos,NG030,Osun,2020-04-03,2020-04-03,1,1,1,458371.26210019854,227696.3434640654,3371,20200403,20200403,0.3302008890738382,0.6447111961662807,0.025087914759881112,0.5212037107602719,14879754.0,0.36641836172583325,0.5944391290481575,0.03914250922600927,0.5059847910635072,4828740.0,1.1187153694407612,1.0,0.0026606813370417975,0.6756756756756757,7.0,0.0
41324,NG019,Kaduna,NG019,Kaduna,2020-04-03,2020-04-27,1,1,1,15707.497183723406,5665.942338208854,2012096,20200403,20200427,0.46503701110532975,0.5075057258770135,0.027457263017656792,0.506968163107597,8758047.0,0.46503701110532975,0.5075057258770135,0.027457263017656792,0.506968163107597,8758047.0,-0.1703334579739599,0.5135135135135135,-0.1703334579739599,0.5135135135135135,0.0,0.0
41325,NG020,Kano,NG018,Jigawa,2020-04-03,2020-04-04,1,1,1,362813.2158493946,171571.1326990495,118827,20200403,20200404,0.4727684792901625,0.5011033541407554,0.026128166569082133,0.5280232410357527,13612130.0,0.4759832686855246,0.4966159109599566,0.02740082035451879,0.505479893884154,5921830.0,0.1241609281772341,0.8378378378378378,-0.49549208851903037,0.05405405405405406,0.0,0.0
41326,NG032,Plateau,NG005,Bauchi,2020-04-03,2020-04-03,1,1,1,196342.5329793752,196341.26282026683,34028,20200403,20200403,0.44148344424442243,0.5246600953608579,0.033856460394719665,0.49981152163639675,4350632.0,0.48096824368540303,0.4930077633721537,0.026023992942443307,0.5108444763587695,6690134.0,-0.20435074060739566,0.43243243243243246,-0.4833208988736141,0.08108108108108109,0.0,0.0
41327,NG037,Zamfara,NG034,Sokoto,2020-04-03,2020-04-03,1,1,1,396472.983633438,133477.9758086672,7420,20200403,20200403,0.4822951286895683,0.49170011989092705,0.026004751419504635,0.5030233221454106,4568319.0,0.476871893107996,0.4955998750778277,0.02752823181417628,0.505624481563039,5027130.0,-0.4763162522559063,0.10810810810810811,-0.3255636908120886,0.2702702702702703,0.0,0.0
41328,NG010,Delta,NG012,Edo,2020-04-03,2020-04-03,1,1,1,66995.05384112123,27514.50434232117,3377,20200403,20200403,0.37205747147343576,0.5865213978831537,0.041421130643410485,0.5024198117756394,5827726.0,0.3648963025856633,0.5925314188027963,0.04257227861154045,0.5050509097282766,4393070.0,0.04986988030496243,0.7297297297297297,0.048192548470072316,0.7027027027027027,0.0,0.0
41329,NG021,Katsina,NG019,Kaduna,2020-04-03,2020-04-04,1,1,1,396338.0127520919,60339.59836867517,14478,20200403,20200404,0.48655803853244695,0.4881893734794351,0.02525258798811795,0.509826765221673,8050462.0,0.46503701110532975,0.5075057258770135,0.027457263017656792,0.506968163107597,8758047.0,-0.4045410794272394,0.16216216216216217,-0.1703334579739599,0.5135135135135135,0.0,0.0
41330,NG010,Delta,NG025,Lagos,2020-04-03,2020-04-29,1,1,1,282270.4709032874,282200.97693872417,2201493,20200403,20200429,0.37205747147343576,0.5865213978831537,0.041421130643410485,0.5024198117756394,5827726.0,0.3302008890738382,0.6447111961662807,0.025087914759881112,0.5212037107602719,14879754.0,0.04986988030496243,0.7297297297297297,1.1187153694407612,1.0,0.0,87.0
41331,NG019,Kaduna,NG024,Kwara,2020-04-03,2020-04-03,1,1,1,771376.870786922,384106.5350970896,3379,20200403,20200403,0.46503701110532975,0.5075057258770135,0.027457263017656792,0.506968163107597,8758047.0,0.43856274012514257,0.5300045253998054,0.03143273447505214,0.5069599109955376,3378707.0,-0.1703334579739599,0.5135135135135135,-0.15738931235438808,0.5405405405405406,0.0,0.0
41332,NG031,Oyo,NG025,Lagos,2020-04-03,2020-04-04,1,1,1,250542.7500916636,125281.73882327884,11039,20200403,20200404,0.37711239812688285,0.5836282165130016,0.039259385360115584,0.5019705838533485,8470586.0,0.3302008890738382,0.6447111961662807,0.025087914759881112,0.5212037107602719,14879754.0,-0.019245055859069864,0.6486486486486487,1.1187153694407612,1.0,0.0,11.0
41333,NG035,Taraba,NG016,Gombe,2020-04-03,2020-04-03,1,1,1,317141.6524180175,154479.7182777176,14217,20200403,20200403,0.4572416308140842,0.515646300036468,0.027112069149447745,0.5130515216955309,3046503.0,0.4747655452041227,0.4988770635927775,0.02635739120309983,0.5284934612057086,3392445.0,-0.3693491920970492,0.21621621621621623,-0.25910296259332805,0.32432432432432434,0.0,0.0
41334,NG025,Lagos,,,2020-04-03,2020-04-03,5,5,5,203073.9584982844,39223.835960312696,76412,20200403,20200403,0.3302008890738382,0.6447111961662807,0.025087914759881112,0.5212037107602719,14879754.0,,,,,,1.1187153694407612,1.0,,,7.0,
41336,NG028,Ogun,NG030,Osun,2020-04-03,2020-04-03,1,1,1,292544.58898695564,145601.68113171734,23447,20200403,20200403,0.3764942420253995,0.5828607691591555,0.040644988815445024,0.4983858197437503,5854055.0,0.36641836172583325,0.5944391290481575,0.03914250922600927,0.5059847910635072,4828740.0,0.11933543982440241,0.8108108108108109,0.0026606813370417975,0.6756756756756757,0.0,0.0
41337,NG008,Borno,NG020,Kano,2020-04-03,2020-04-05,1,1,1,1001003.518926868,500501.7594634341,238245,20200403,20200405,0.4656333169168363,0.5077319274989265,0.026634755584237252,0.5216485478678367,6594992.0,0.4727684792901625,0.5011033541407554,0.026128166569082133,0.5280232410357527,13612130.0,-0.21159417396202837,0.40540540540540543,0.1241609281772341,0.8378378378378378,0.0,0.0
41338,NG016,Gombe,NG008,Borno,2020-04-03,2020-04-03,1,1,1,201200.4569579436,92364.05501453154,12205,20200403,20200403,0.4747655452041227,0.4988770635927775,0.02635739120309983,0.5284934612057086,3392445.0,0.4656333169168363,0.5077319274989265,0.026634755584237252,0.5216485478678367,6594992.0,-0.25910296259332805,0.32432432432432434,-0.21159417396202837,0.40540540540540543,0.0,0.0
41339,NG019,Kaduna,NG021,Katsina,2020-04-03,2020-04-04,2,2,2,1034050.0726499072,384414.5594283737,127357,20200403,20200404,0.46503701110532975,0.5075057258770135,0.027457263017656792,0.506968163107597,8758047.0,0.48655803853244695,0.4881893734794351,0.02525258798811795,0.509826765221673,8050462.0,-0.1703334579739599,0.5135135135135135,-0.4045410794272394,0.16216216216216217,0.0,0.0
41340,NG024,Kwara,NG010,Delta,2020-04-03,2020-04-04,1,1,1,750663.3945405637,375371.41888354445,24184,20200403,20200404,0.43856274012514257,0.5300045253998054,0.03143273447505214,0.5069599109955376,3378707.0,0.37205747147343576,0.5865213978831537,0.041421130643410485,0.5024198117756394,5827726.0,-0.15738931235438808,0.5405405405405406,0.04986988030496243,0.7297297297297297,0.0,0.0
41341,NG025,Lagos,NG024,Kwara,2020-04-03,2020-04-03,2,2,2,802462.6818158922,525072.1250530826,43762,20200403,20200403,0.3302008890738382,0.6447111961662807,0.025087914759881112,0.5212037107602719,14879754.0,0.43856274012514257,0.5300045253998054,0.03143273447505214,0.5069599109955376,3378707.0,1.1187153694407612,1.0,-0.15738931235438808,0.5405405405405406,7.0,0.0
41342,NG015,Federal Capital Territory,NG026,Nasarawa,2020-04-03,2020-04-04,5,5,5,200433.48620159837,71974.76647416982,161376,20200403,20200404,0.3761808011877354,0.6090082893686061,0.014810909443658583,0.5320270119615359,4834747.0,0.458082127493156,0.5146632772780603,0.02725459522878373,0.5071486116542824,2557000.0,0.06716322463290017,0.7567567567567568,-0.3814972133848704,0.1891891891891892,3.0,0.0
41343,NG015,Federal Capital Territory,NG034,Sokoto,2020-04-03,2020-04-03,2,2,2,2131923.738252316,1020899.4116965953,34106,20200403,20200403,0.3761808011877354,0.6090082893686061,0.014810909443658583,0.5320270119615359,4834747.0,0.476871893107996,0.4955998750778277,0.02752823181417628,0.505624481563039,5027130.0,0.06716322463290017,0.7567567567567568,-0.3255636908120886,0.2702702702702703,3.0,0.0
41344,NG023,Kogi,NG015,Federal Capital Territory,2020-04-03,2020-04-05,1,1,1,628173.731667403,234701.6293711574,116702,20200403,20200405,0.45037839661721446,0.5217364067083422,0.02788519667444328,0.506811428561977,4836724.0,0.3761808011877354,0.6090082893686061,0.014810909443658583,0.5320270119615359,4834747.0,-0.30831429069378413,0.2972972972972973,0.06716322463290017,0.7567567567567568,0.0,4.0
41345,NG003,Akwa Ibom,NG009,Cross River,2020-04-03,2020-04-03,1,1,1,91609.44044421065,45750.83920577943,7415,20200403,20200403,0.3714473458477974,0.5933145115115984,0.03523814264060416,0.5077076983792477,5665764.0,0.3831984467942394,0.5834763463285051,0.03332520687725556,0.5092349804775577,3958265.0,0.18670347513092306,0.8918918918918919,-0.18777845359495773,0.4864864864864865,0.0,0.0
41346,NG025,Lagos,NG025,Lagos,2020-04-03,2020-04-08,1,1,1,231246.2389708517,29624.174543141737,440647,20200403,20200408,0.3302008890738382,0.6447111961662807,0.025087914759881112,0.5212037107602719,14879754.0,0.3302008890738382,0.6447111961662807,0.025087914759881112,0.5212037107602719,14879754.0,1.1187153694407612,1.0,1.1187153694407612,1.0,7.0,15.0
41347,NG008,Borno,NG036,Yobe,2020-04-03,2020-04-04,1,1,1,123250.64778889155,61623.62915010125,27630,20200403,20200404,0.4656333169168363,0.5077319274989265,0.026634755584237252,0.5216485478678367,6594992.0,0.4691388179850362,0.5048995038050456,0.025961678209918262,0.5201260409235117,3619142.0,-0.21159417396202837,0.40540540540540543,-0.5433016922627469,0.02702702702702703,0.0,0.0
41348,NG023,Kogi,NG019,Kaduna,2020-04-03,2020-04-05,1,1,1,610748.0225407602,305367.5081853333,177729,20200403,20200405,0.45037839661721446,0.5217364067083422,0.02788519667444328,0.506811428561977,4836724.0,0.46503701110532975,0.5075057258770135,0.027457263017656792,0.506968163107597,8758047.0,-0.30831429069378413,0.2972972972972973,-0.1703334579739599,0.5135135135135135,0.0,1.0
41349,NG019,Kaduna,NG027,Niger,2020-04-03,2020-04-03,1,1,1,281075.1253645909,140219.42551315995,2743,20200403,20200403,0.46503701110532975,0.5075057258770135,0.027457263017656792,0.506968163107597,8758047.0,0.471202827926769,0.5035993963032889,0.025197775769942192,0.5093248027202903,5745269.0,-0.1703334579739599,0.5135135135135135,-0.2021904684270313,0.4594594594594595,0.0,0.0
41350,NG017,Imo,NG001,Abia,2020-04-03,2020-04-03,1,1,1,548275.7084401482,69776.54822206715,5625,20200403,20200403,0.36002907241370796,0.5951188700839131,0.044852057502378986,0.5015110336551765,5547527.0,0.3534586567540875,0.5993948920037422,0.0471464512421703,0.5005799209430734,3878977.0,0.5387774131767987,0.972972972972973,0.40455051037529577,0.918918918918919,0.0,0.0
41351,NG004,Anambra,NG017,Imo,2020-04-03,2020-04-03,2,2,2,200356.6680384588,100333.17944584887,46240,20200403,20200403,0.3550563739560004,0.6034760570706295,0.041467568973370096,0.5059823635153309,5936784.0,0.36002907241370796,0.5951188700839131,0.044852057502378986,0.5015110336551765,5547527.0,0.5172892070039768,0.9459459459459459,0.5387774131767987,0.972972972972973,0.0,0.0
41352,NG016,Gombe,NG015,Federal Capital Territory,2020-04-03,2020-04-03,1,1,1,878872.3664853873,425547.1548953765,2111,20200403,20200403,0.4747655452041227,0.4988770635927775,0.02635739120309983,0.5284934612057086,3392445.0,0.3761808011877354,0.6090082893686061,0.014810909443658583,0.5320270119615359,4834747.0,-0.25910296259332805,0.32432432432432434,0.06716322463290017,0.7567567567567568,0.0,3.0
41353,NG010,Delta,NG004,Anambra,2020-04-03,2020-04-03,2,2,2,55195.27098215145,25736.50714220557,16434,20200403,20200403,0.37205747147343576,0.5865213978831537,0.041421130643410485,0.5024198117756394,5827726.0,0.3550563739560004,0.6034760570706295,0.041467568973370096,0.5059823635153309,5936784.0,0.04986988030496243,0.7297297297297297,0.5172892070039768,0.9459459459459459,0.0,0.0
41355,NG019,Kaduna,NG019,Kaduna,2020-04-03,2020-04-14,1,1,1,20757.57349186385,13650.259269619828,931765,20200403,20200414,0.46503701110532975,0.5075057258770135,0.027457263017656792,0.506968163107597,8758047.0,0.46503701110532975,0.5075057258770135,0.027457263017656792,0.506968163107597,8758047.0,-0.1703334579739599,0.5135135135135135,-0.1703334579739599,0.5135135135135135,0.0,0.0
41356,NG022,Kebbi,NG034,Sokoto,2020-04-03,2020-04-03,1,1,1,959519.74028738,194423.40455612863,23101,20200403,20200403,0.4855904279683244,0.48801456343612665,0.026395008595548938,0.5032996532071795,4510474.0,0.476871893107996,0.4955998750778277,0.02752823181417628,0.505624481563039,5027130.0,-0.4166000362854463,0.13513513513513514,-0.3255636908120886,0.2702702702702703,0.0,0.0
41357,NG015,Federal Capital Territory,NG037,Zamfara,2020-04-03,2020-04-04,1,1,1,1104241.1006786744,388750.4641350402,79460,20200403,20200404,0.3761808011877354,0.6090082893686061,0.014810909443658583,0.5320270119615359,4834747.0,0.4822951286895683,0.49170011989092705,0.026004751419504635,0.5030233221454106,4568319.0,0.06716322463290017,0.7567567567567568,-0.4763162522559063,0.10810810810810811,3.0,0.0
41358,NG020,Kano,NG027,Niger,2020-04-03,2020-04-03,1,1,1,351698.86176200514,341662.85279474896,21950,20200403,20200403,0.4727684792901625,0.5011033541407554,0.026128166569082133,0.5280232410357527,13612130.0,0.471202827926769,0.5035993963032889,0.025197775769942192,0.5093248027202903,5745269.0,0.1241609281772341,0.8378378378378378,-0.2021904684270313,0.4594594594594595,0.0,0.0
41360,NG036,Yobe,NG008,Borno,2020-04-03,2020-04-03,2,2,2,351614.9785949023,289015.0745921492,94051,20200403,20200403,0.4691388179850362,0.5048995038050456,0.025961678209918262,0.5201260409235117,3619142.0,0.4656333169168363,0.5077319274989265,0.026634755584237252,0.5216485478678367,6594992.0,-0.5433016922627469,0.02702702702702703,-0.21159417396202837,0.40540540540540543,0.0,0.0
41361,NG023,Kogi,NG015,Federal Capital Territory,2020-04-03,2020-04-03,1,1,1,548275.7084401482,72397.01736625201,4197,20200403,20200403,0.45037839661721446,0.5217364067083422,0.02788519667444328,0.506811428561977,4836724.0,0.3761808011877354,0.6090082893686061,0.014810909443658583,0.5320270119615359,4834747.0,-0.30831429069378413,0.2972972972972973,0.06716322463290017,0.7567567567567568,0.0,3.0
41362,NG012,Edo,NG023,Kogi,2020-04-03,2020-04-03,2,2,1,158009.46632540433,71423.84827428136,7586,20200403,20200403,0.3648963025856633,0.5925314188027963,0.04257227861154045,0.5050509097282766,4393070.0,0.45037839661721446,0.5217364067083422,0.02788519667444328,0.506811428561977,4836724.0,0.048192548470072316,0.7027027027027027,-0.30831429069378413,0.2972972972972973,0.0,0.0
41363,NG020,Kano,NG019,Kaduna,2020-04-03,2020-04-03,2,2,2,245080.9628278196,208204.73126321408,40393,20200403,20200403,0.4727684792901625,0.5011033541407554,0.026128166569082133,0.5280232410357527,13612130.0,0.46503701110532975,0.5075057258770135,0.027457263017656792,0.506968163107597,8758047.0,0.1241609281772341,0.8378378378378378,-0.1703334579739599,0.5135135135135135,0.0,0.0
41364,NG030,Osun,NG025,Lagos,2020-04-03,2020-04-03,2,2,2,629094.5735220801,397502.59434915055,22054,20200403,20200403,0.36641836172583325,0.5944391290481575,0.03914250922600927,0.5059847910635072,4828740.0,0.3302008890738382,0.6447111961662807,0.025087914759881112,0.5212037107602719,14879754.0,0.0026606813370417975,0.6756756756756757,1.1187153694407612,1.0,0.0,7.0
41365,NG024,Kwara,NG013,Ekiti,2020-04-03,2020-04-03,2,2,1,751568.497926364,498211.10203461634,10482,20200403,20200403,0.43856274012514257,0.5300045253998054,0.03143273447505214,0.5069599109955376,3378707.0,0.36629979561099096,0.5964268380769661,0.037273366312043005,0.5043048153321379,3510952.0,-0.15738931235438808,0.5405405405405406,-0.12374139344950484,0.5945945945945946,0.0,0.0
41366,NG018,Jigawa,NG018,Jigawa,2020-04-03,2020-04-07,1,1,1,290496.98642408074,145249.46825392643,390009,20200403,20200407,0.4759832686855246,0.4966159109599566,0.02740082035451879,0.505479893884154,5921830.0,0.4759832686855246,0.4966159109599566,0.02740082035451879,0.505479893884154,5921830.0,-0.49549208851903037,0.05405405405405406,-0.49549208851903037,0.05405405405405406,0.0,0.0
41367,NG019,Kaduna,NG021,Katsina,2020-04-03,2020-04-03,5,5,5,3325708.465787596,598693.3705736438,74412,20200403,20200403,0.46503701110532975,0.5075057258770135,0.027457263017656792,0.506968163107597,8758047.0,0.48655803853244695,0.4881893734794351,0.02525258798811795,0.509826765221673,8050462.0,-0.1703334579739599,0.5135135135135135,-0.4045410794272394,0.16216216216216217,0.0,0.0
41368,NG025,Lagos,NG031,Oyo,2020-04-03,2020-04-03,2,2,2,667581.3958827287,229386.1491822647,17560,20200403,20200403,0.3302008890738382,0.6447111961662807,0.025087914759881112,0.5212037107602719,14879754.0,0.37711239812688285,0.5836282165130016,0.039259385360115584,0.5019705838533485,8470586.0,1.1187153694407612,1.0,-0.019245055859069864,0.6486486486486487,7.0,0.0
41369,NG017,Imo,NG004,Anambra,2020-04-03,2020-04-04,1,1,1,106086.23069865668,53039.827193728335,58153,20200403,20200404,0.36002907241370796,0.5951188700839131,0.044852057502378986,0.5015110336551765,5547527.0,0.3550563739560004,0.6034760570706295,0.041467568973370096,0.5059823635153309,5936784.0,0.5387774131767987,0.972972972972973,0.5172892070039768,0.9459459459459459,0.0,0.0
41370,NG015,Federal Capital Territory,NG028,Ogun,2020-04-03,2020-04-03,2,2,2,4702764.289878143,959160.221921684,1232,20200403,20200403,0.3761808011877354,0.6090082893686061,0.014810909443658583,0.5320270119615359,4834747.0,0.3764942420253995,0.5828607691591555,0.040644988815445024,0.4983858197437503,5854055.0,0.06716322463290017,0.7567567567567568,0.11933543982440241,0.8108108108108109,3.0,0.0
41371,NG014,Enugu,NG023,Kogi,2020-04-03,2020-04-03,1,1,1,548275.7084401482,147734.79581226633,9891,20200403,20200403,0.3548333037798759,0.5979631440077704,0.04720355221235371,0.48606967776766996,4415727.0,0.45037839661721446,0.5217364067083422,0.02788519667444328,0.506811428561977,4836724.0,0.11263773985257676,0.7837837837837838,-0.30831429069378413,0.2972972972972973,0.0,0.0
41372,NG005,Bauchi,NG015,Federal Capital Territory,2020-04-03,2020-04-03,1,1,1,2384062.511772228,890188.7299302417,3060,20200403,20200403,0.48096824368540303,0.4930077633721537,0.026023992942443307,0.5108444763587695,6690134.0,0.3761808011877354,0.6090082893686061,0.014810909443658583,0.5320270119615359,4834747.0,-0.4833208988736141,0.08108108108108109,0.06716322463290017,0.7567567567567568,0.0,3.0
41373,NG024,Kwara,NG019,Kaduna,2020-04-03,2020-04-03,1,1,1,771376.870786922,385186.0055971472,2141,20200403,20200403,0.43856274012514257,0.5300045253998054,0.03143273447505214,0.5069599109955376,3378707.0,0.46503701110532975,0.5075057258770135,0.027457263017656792,0.506968163107597,8758047.0,-0.15738931235438808,0.5405405405405406,-0.1703334579739599,0.5135135135135135,0.0,0.0
41374,NG001,Abia,NG028,Ogun,2020-04-03,2020-04-03,2,2,1,1268330.387408089,845543.5287325787,23410,20200403,20200403,0.3534586567540875,0.5993948920037422,0.0471464512421703,0.5005799209430734,3878977.0,0.3764942420253995,0.5828607691591555,0.040644988815445024,0.4983858197437503,5854055.0,0.40455051037529577,0.918918918918919,0.11933543982440241,0.8108108108108109,0.0,0.0
41375,NG015,Federal Capital Territory,NG015,Federal Capital Territory,2020-04-03,2020-04-07,1,1,1,7270.698279422735,3635.8049371464895,334292,20200403,20200407,0.3761808011877354,0.6090082893686061,0.014810909443658583,0.5320270119615359,4834747.0,0.3761808011877354,0.6090082893686061,0.014810909443658583,0.5320270119615359,4834747.0,0.06716322463290017,0.7567567567567568,0.06716322463290017,0.7567567567567568,3.0,2.0
41376,NG020,Kano,NG025,Lagos,2020-04-03,2020-04-27,1,1,1,835278.8275508985,835278.8275508985,2079470,20200403,20200427,0.4727684792901625,0.5011033541407554,0.026128166569082133,0.5280232410357527,13612130.0,0.3302008890738382,0.6447111961662807,0.025087914759881112,0.5212037107602719,14879754.0,0.1241609281772341,0.8378378378378378,1.1187153694407612,1.0,0.0,33.0
41377,NG001,Abia,NG014,Enugu,2020-04-03,2020-04-03,1,1,1,548275.7084401482,56728.00671454696,5334,20200403,20200403,0.3534586567540875,0.5993948920037422,0.0471464512421703,0.5005799209430734,3878977.0,0.3548333037798759,0.5979631440077704,0.04720355221235371,0.48606967776766996,4415727.0,0.40455051037529577,0.918918918918919,0.11263773985257676,0.7837837837837838,0.0,0.0
41378,NG015,Federal Capital Territory,NG016,Gombe,2020-04-03,2020-04-03,1,1,1,878872.3664853873,432320.9504496703,3085,20200403,20200403,0.3761808011877354,0.6090082893686061,0.014810909443658583,0.5320270119615359,4834747.0,0.4747655452041227,0.4988770635927775,0.02635739120309983,0.5284934612057086,3392445.0,0.06716322463290017,0.7567567567567568,-0.25910296259332805,0.32432432432432434,3.0,0.0
41379,NG010,Delta,NG025,Lagos,2020-04-03,2020-04-03,2,2,2,1120477.8390953147,501843.5636381046,13646,20200403,20200403,0.37205747147343576,0.5865213978831537,0.041421130643410485,0.5024198117756394,5827726.0,0.3302008890738382,0.6447111961662807,0.025087914759881112,0.5212037107602719,14879754.0,0.04986988030496243,0.7297297297297297,1.1187153694407612,1.0,0.0,7.0
41380,NG034,Sokoto,NG025,Lagos,2020-04-03,2020-04-28,1,1,1,754895.7546283151,754895.7546283151,2202675,20200403,20200428,0.476871893107996,0.4955998750778277,0.02752823181417628,0.505624481563039,5027130.0,0.3302008890738382,0.6447111961662807,0.025087914759881112,0.5212037107602719,14879754.0,-0.3255636908120886,0.2702702702702703,1.1187153694407612,1.0,0.0,80.0
41381,NG023,Kogi,NG027,Niger,2020-04-03,2020-04-04,1,1,1,324448.4234393977,161313.68876267876,60169,20200403,20200404,0.45037839661721446,0.5217364067083422,0.02788519667444328,0.506811428561977,4836724.0,0.471202827926769,0.5035993963032889,0.025197775769942192,0.5093248027202903,5745269.0,-0.30831429069378413,0.2972972972972973,-0.2021904684270313,0.4594594594594595,0.0,0.0
41382,NG005,Bauchi,NG025,Lagos,2020-04-03,2020-04-03,1,1,1,1662228.692650108,822949.3262294548,4261,20200403,20200403,0.48096824368540303,0.4930077633721537,0.026023992942443307,0.5108444763587695,6690134.0,0.3302008890738382,0.6447111961662807,0.025087914759881112,0.5212037107602719,14879754.0,-0.4833208988736141,0.08108108108108109,1.1187153694407612,1.0,0.0,7.0
41383,NG023,Kogi,NG024,Kwara,2020-04-03,2020-04-03,1,1,1,264158.1446546571,244383.17071408988,16985,20200403,20200403,0.45037839661721446,0.5217364067083422,0.02788519667444328,0.506811428561977,4836724.0,0.43856274012514257,0.5300045253998054,0.03143273447505214,0.5069599109955376,3378707.0,-0.30831429069378413,0.2972972972972973,-0.15738931235438808,0.5405405405405406,0.0,0.0
41384,NG023,Kogi,NG026,Nasarawa,2020-04-03,2020-04-04,1,1,1,62498.30696032739,31239.24143696608,23420,20200403,20200404,0.45037839661721446,0.5217364067083422,0.02788519667444328,0.506811428561977,4836724.0,0.458082127493156,0.5146632772780603,0.02725459522878373,0.5071486116542824,2557000.0,-0.30831429069378413,0.2972972972972973,-0.3814972133848704,0.1891891891891892,0.0,0.0
41385,NG025,Lagos,NG005,Bauchi,2020-04-03,2020-04-03,1,1,1,1662228.692650108,839276.36050312,2999,20200403,20200403,0.3302008890738382,0.6447111961662807,0.025087914759881112,0.5212037107602719,14879754.0,0.48096824368540303,0.4930077633721537,0.026023992942443307,0.5108444763587695,6690134.0,1.1187153694407612,1.0,-0.4833208988736141,0.08108108108108109,7.0,0.0
41386,NG029,Ondo,NG012,Edo,2020-04-03,2020-04-26,1,1,1,108192.12428994729,108192.01896667016,1977221,20200403,20200426,0.37893516274736494,0.5832181604477588,0.03784667680487627,0.5035690220992856,4673409.0,0.3648963025856633,0.5925314188027963,0.04257227861154045,0.5050509097282766,4393070.0,-0.23320407133660132,0.3783783783783784,0.048192548470072316,0.7027027027027027,0.0,3.0
41387,NG025,Lagos,NG025,Lagos,2020-04-03,2020-04-06,1,1,1,24607.83431353098,1379.1948611244811,282894,20200403,20200406,0.3302008890738382,0.6447111961662807,0.025087914759881112,0.5212037107602719,14879754.0,0.3302008890738382,0.6447111961662807,0.025087914759881112,0.5212037107602719,14879754.0,1.1187153694407612,1.0,1.1187153694407612,1.0,7.0,0.0
41388,NG028,Ogun,NG006,Bayelsa,2020-04-03,2020-04-03,1,1,1,822005.428059432,410975.9107105612,15962,20200403,20200403,0.3764942420253995,0.5828607691591555,0.040644988815445024,0.4983858197437503,5854055.0,0.37835323397591747,0.5884318304151591,0.03321493560892341,0.5125803164505587,2537774.0,0.11933543982440241,0.8108108108108109,-0.10448904236851947,0.6216216216216216,0.0,0.0
41390,NG003,Akwa Ibom,NG028,Ogun,2020-04-03,2020-04-03,1,1,1,1013498.7799553872,506732.2336456973,2669,20200403,20200403,0.3714473458477974,0.5933145115115984,0.03523814264060416,0.5077076983792477,5665764.0,0.3764942420253995,0.5828607691591555,0.040644988815445024,0.4983858197437503,5854055.0,0.18670347513092306,0.8918918918918919,0.11933543982440241,0.8108108108108109,0.0,0.0
41391,NG027,Niger,NG010,Delta,2020-04-03,2020-04-03,1,1,1,840547.2299322761,417763.6194949365,20762,20200403,20200403,0.471202827926769,0.5035993963032889,0.025197775769942192,0.5093248027202903,5745269.0,0.37205747147343576,0.5865213978831537,0.041421130643410485,0.5024198117756394,5827726.0,-0.2021904684270313,0.4594594594594595,0.04986988030496243,0.7297297297297297,0.0,0.0
41392,NG015,Federal Capital Territory,NG026,Nasarawa,2020-04-03,2020-04-20,1,1,1,570184.6640760895,2821.742082758857,1445952,20200403,20200420,0.3761808011877354,0.6090082893686061,0.014810909443658583,0.5320270119615359,4834747.0,0.458082127493156,0.5146632772780603,0.02725459522878373,0.5071486116542824,2557000.0,0.06716322463290017,0.7567567567567568,-0.3814972133848704,0.1891891891891892,3.0,0.0
41393,NG020,Kano,NG027,Niger,2020-04-03,2020-04-28,1,1,1,344987.85184716183,344987.85184716183,2188770,20200403,20200428,0.4727684792901625,0.5011033541407554,0.026128166569082133,0.5280232410357527,13612130.0,0.471202827926769,0.5035993963032889,0.025197775769942192,0.5093248027202903,5745269.0,0.1241609281772341,0.8378378378378378,-0.2021904684270313,0.4594594594594595,0.0,0.0
41394,NG015,Federal Capital Territory,NG025,Lagos,2020-04-03,2020-04-04,1,1,1,980837.550507681,490508.3623968313,15694,20200403,20200404,0.3761808011877354,0.6090082893686061,0.014810909443658583,0.5320270119615359,4834747.0,0.3302008890738382,0.6447111961662807,0.025087914759881112,0.5212037107602719,14879754.0,0.06716322463290017,0.7567567567567568,1.1187153694407612,1.0,3.0,11.0
41395,NG010,Delta,NG027,Niger,2020-04-03,2020-04-03,1,1,1,840547.2299322761,414823.8094175493,2043,20200403,20200403,0.37205747147343576,0.5865213978831537,0.041421130643410485,0.5024198117756394,5827726.0,0.471202827926769,0.5035993963032889,0.025197775769942192,0.5093248027202903,5745269.0,0.04986988030496243,0.7297297297297297,-0.2021904684270313,0.4594594594594595,0.0,0.0
41396,NG028,Ogun,NG029,Ondo,2020-04-03,2020-04-03,1,1,1,445922.92077124247,158202.08545018305,60841,20200403,20200403,0.3764942420253995,0.5828607691591555,0.040644988815445024,0.4983858197437503,5854055.0,0.37893516274736494,0.5832181604477588,0.03784667680487627,0.5035690220992856,4673409.0,0.11933543982440241,0.8108108108108109,-0.23320407133660132,0.3783783783783784,0.0,0.0
41397,NG030,Osun,NG024,Kwara,2020-04-03,2020-04-03,1,1,1,113013.08252139048,56416.89114978743,2744,20200403,20200403,0.36641836172583325,0.5944391290481575,0.03914250922600927,0.5059847910635072,4828740.0,0.43856274012514257,0.5300045253998054,0.03143273447505214,0.5069599109955376,3378707.0,0.0026606813370417975,0.6756756756756757,-0.15738931235438808,0.5405405405405406,0.0,0.0
41398,NG020,Kano,NG015,Federal Capital Territory,2020-04-03,2020-04-03,1,1,1,692793.4218961521,346395.1347783818,11860,20200403,20200403,0.4727684792901625,0.5011033541407554,0.026128166569082133,0.5280232410357527,13612130.0,0.3761808011877354,0.6090082893686061,0.014810909443658583,0.5320270119615359,4834747.0,0.1241609281772341,0.8378378378378378,0.06716322463290017,0.7567567567567568,0.0,3.0
41399,NG012,Edo,NG012,Edo,2020-04-03,2020-04-05,1,1,1,368811.7268814655,6717.936576140183,142211,20200403,20200405,0.3648963025856633,0.5925314188027963,0.04257227861154045,0.5050509097282766,4393070.0,0.3648963025856633,0.5925314188027963,0.04257227861154045,0.5050509097282766,4393070.0,0.048192548470072316,0.7027027027027027,0.048192548470072316,0.7027027027027027,0.0,2.0
41400,NG019,Kaduna,NG025,Lagos,2020-04-03,2020-04-27,1,1,1,639259.7226663056,639259.7226663056,2071606,20200403,20200427,0.46503701110532975,0.5075057258770135,0.027457263017656792,0.506968163107597,8758047.0,0.3302008890738382,0.6447111961662807,0.025087914759881112,0.5212037107602719,14879754.0,-0.1703334579739599,0.5135135135135135,1.1187153694407612,1.0,0.0,33.0
41401,NG012,Edo,NG024,Kwara,2020-04-03,2020-04-03,1,1,1,269911.8099890992,269714.01978440286,44704,20200403,20200403,0.3648963025856633,0.5925314188027963,0.04257227861154045,0.5050509097282766,4393070.0,0.43856274012514257,0.5300045253998054,0.03143273447505214,0.5069599109955376,3378707.0,0.048192548470072316,0.7027027027027027,-0.15738931235438808,0.5405405405405406,0.0,0.0
41402,NG026,Nasarawa,NG023,Kogi,2020-04-03,2020-04-03,1,1,1,62498.30696032739,31259.06552336132,56846,20200403,20200403,0.458082127493156,0.5146632772780603,0.02725459522878373,0.5071486116542824,2557000.0,0.45037839661721446,0.5217364067083422,0.02788519667444328,0.506811428561977,4836724.0,-0.3814972133848704,0.1891891891891892,-0.30831429069378413,0.2972972972972973,0.0,0.0
41403,NG034,Sokoto,NG022,Kebbi,2020-04-03,2020-04-03,1,1,1,279546.3362971522,141611.58555027365,15884,20200403,20200403,0.476871893107996,0.4955998750778277,0.02752823181417628,0.505624481563039,5027130.0,0.4855904279683244,0.48801456343612665,0.026395008595548938,0.5032996532071795,4510474.0,-0.3255636908120886,0.2702702702702703,-0.4166000362854463,0.13513513513513514,0.0,0.0
41404,NG015,Federal Capital Territory,NG027,Niger,2020-04-03,2020-04-04,1,1,1,77337.15432914914,38666.9570826014,49718,20200403,20200404,0.3761808011877354,0.6090082893686061,0.014810909443658583,0.5320270119615359,4834747.0,0.471202827926769,0.5035993963032889,0.025197775769942192,0.5093248027202903,5745269.0,0.06716322463290017,0.7567567567567568,-0.2021904684270313,0.4594594594594595,3.0,0.0
41405,NG028,Ogun,NG030,Osun,2020-04-03,2020-04-04,2,2,2,347636.0194923484,347636.0194923484,121581,20200403,20200404,0.3764942420253995,0.5828607691591555,0.040644988815445024,0.4983858197437503,5854055.0,0.36641836172583325,0.5944391290481575,0.03914250922600927,0.5059847910635072,4828740.0,0.11933543982440241,0.8108108108108109,0.0026606813370417975,0.6756756756756757,0.0,6.0
41406,NG028,Ogun,NG028,Ogun,2020-04-03,2020-04-20,1,1,1,321492.52413007815,11520.986318526257,1446665,20200403,20200420,0.3764942420253995,0.5828607691591555,0.040644988815445024,0.4983858197437503,5854055.0,0.3764942420253995,0.5828607691591555,0.040644988815445024,0.4983858197437503,5854055.0,0.11933543982440241,0.8108108108108109,0.11933543982440241,0.8108108108108109,0.0,0.0
41407,NG007,Benue,NG033,Rivers,2020-04-03,2020-04-14,1,1,1,369445.2941555758,363095.1068415728,927306,20200403,20200414,0.4617573940726351,0.5075744703975699,0.030668135529795037,0.5046642022050832,5814928.0,0.3607179556377358,0.6064986277483454,0.03278341661391882,0.5155672987437575,7840763.0,-0.36118153353601457,0.24324324324324326,0.1614581709475816,0.8648648648648649,0.0,0.0
41408,NG029,Ondo,NG026,Nasarawa,2020-04-03,2020-04-04,1,1,1,441236.1154832375,441236.1154832375,110239,20200403,20200404,0.37893516274736494,0.5832181604477588,0.03784667680487627,0.5035690220992856,4673409.0,0.458082127493156,0.5146632772780603,0.02725459522878373,0.5071486116542824,2557000.0,-0.23320407133660132,0.3783783783783784,-0.3814972133848704,0.1891891891891892,0.0,0.0
41409,NG034,Sokoto,NG019,Kaduna,2020-04-03,2020-04-03,1,1,1,743101.7080734078,370344.9069858021,41211,20200403,20200403,0.476871893107996,0.4955998750778277,0.02752823181417628,0.505624481563039,5027130.0,0.46503701110532975,0.5075057258770135,0.027457263017656792,0.506968163107597,8758047.0,-0.3255636908120886,0.2702702702702703,-0.1703334579739599,0.5135135135135135,0.0,0.0
41410,NG024,Kwara,NG025,Lagos,2020-04-03,2020-04-03,1,1,1,530449.1890557115,264829.20488668344,12884,20200403,20200403,0.43856274012514257,0.5300045253998054,0.03143273447505214,0.5069599109955376,3378707.0,0.3302008890738382,0.6447111961662807,0.025087914759881112,0.5212037107602719,14879754.0,-0.15738931235438808,0.5405405405405406,1.1187153694407612,1.0,0.0,7.0
41411,NG006,Bayelsa,NG028,Ogun,2020-04-03,2020-04-03,1,1,1,822005.428059432,411028.0216897876,754,20200403,20200403,0.37835323397591747,0.5884318304151591,0.03321493560892341,0.5125803164505587,2537774.0,0.3764942420253995,0.5828607691591555,0.040644988815445024,0.4983858197437503,5854055.0,-0.10448904236851947,0.6216216216216216,0.11933543982440241,0.8108108108108109,0.0,0.0
