,admin1Pcod_1,admin1Name_1,admin1Pcod_2,admin1Name_2,local_date_1,local_date_2,trip_num,tour_num,id_num,tour_traj_distance,trip_traj_distance,time_range,trip_miles/person,miles/person,minutes/trip,minutes/person,trips/person,date_1,date_2,0_14_pct_1,15_64_pct_1,65p_pct_1,M_pct_1,Population_1,0_14_pct_2,15_64_pct_2,65p_pct_2,M_pct_2,Population_2,rwi_1,rwi_pctl_1,rwi_2,rwi_pctl_2,new_cases_1,new_cases_2,first_case,ban_travel,lockdown,lockdown_0,lockdown_1,lockdown_2,lockdown_3,lockdown_4,lockdown_5
59437,ZA4,Free State,ZA2,Eastern Cape,2020-07-31,2020-07-31,34,34,33,15883442.273640735,7659582.66967235,673034,144.22557622711304,299.0761655274247,329.9186274509804,339.9161616161616,1.0303030303030305,20200731,20200731,0.28114593899768064,0.6555271573171474,0.06332690368517199,0.4905192097314189,2663702.0,0.32240858903092945,0.600977358291188,0.07661405267788246,0.47559015644122027,6510816.0,0.2248492570676798,0.7777777777777778,-0.04666754827373582,0.2222222222222222,864.0,883.0,1,1,3,0,0,0,1,0,0
59438,ZA6,North West,ZA8,Mpumalanga,2020-07-31,2020-07-31,20,20,20,9687871.567277208,5968917.363804751,635114,185.44566493567413,300.98821530006035,529.2616666666667,529.2616666666667,1.0,20200731,20200731,0.2828745421867569,0.6531826641385288,0.0639427936747143,0.5169154144355026,3885864.0,0.30219785415266165,0.6444398558234767,0.053362290023861565,0.4955341209781855,4547481.0,-0.04677388157695324,0.1111111111111111,0.0523010419666447,0.4444444444444444,514.0,821.0,1,1,3,0,0,0,1,0,0
59439,ZA3,Nothern Cape,ZA1,Western Cape,2020-07-31,2020-07-31,20,20,20,19284367.66014,9059027.455818404,551092,281.4509345366312,599.1375262262138,459.2433333333333,459.2433333333333,1.0,20200731,20200731,0.2905180543789262,0.6449880916225764,0.06449385399849747,0.5008080113808923,1251220.0,0.24146430881004144,0.6902282722160927,0.06830741897386587,0.4994387746892386,6898299.0,0.09958456723393624,0.6666666666666666,0.48495156727992644,0.8888888888888888,339.0,783.0,1,1,3,0,0,0,1,0,0
59440,ZA2,Eastern Cape,ZA2,Eastern Cape,2020-07-31,2020-08-01,1820,1820,1820,53144126.94548147,18567958.996648584,61388720,6.339337812726077,18.14408215413519,562.1677655677655,562.1677655677655,1.0,20200731,20200801,0.32240858903092945,0.600977358291188,0.07661405267788246,0.47559015644122027,6510816.0,0.32240858903092945,0.600977358291188,0.07661405267788246,0.47559015644122027,6510816.0,-0.04666754827373582,0.2222222222222222,-0.04666754827373582,0.2222222222222222,883.0,844.0,1,1,3,0,0,0,1,0,0
59441,ZA1,Western Cape,ZA3,Nothern Cape,2020-07-31,2020-07-31,16,16,16,11074726.034683404,6959355.689041747,427513,270.2714463564714,430.0947324920668,445.3260416666666,445.3260416666666,1.0,20200731,20200731,0.24146430881004144,0.6902282722160927,0.06830741897386587,0.4994387746892386,6898299.0,0.2905180543789262,0.6449880916225764,0.06449385399849747,0.5008080113808923,1251220.0,0.48495156727992644,0.8888888888888888,0.09958456723393624,0.6666666666666666,783.0,339.0,1,1,3,0,0,0,1,0,0
59442,ZA5,KwaZulu-Natal,ZA5,KwaZulu-Natal,2020-07-31,2020-07-31,35763,18080,12087,1562098303.0531938,429030199.3047268,245674071,22.05568018927766,80.3046980193662,114.49173307608424,338.75799205758256,2.9587987093571604,20200731,20200731,0.3109682093283005,0.6320226943362347,0.05700909633546477,0.4797594466393526,10418811.0,0.3109682093283005,0.6320226943362347,0.05700909633546477,0.4797594466393526,10418811.0,0.07735186107982292,0.5555555555555556,0.07735186107982292,0.5555555555555556,2787.0,2787.0,1,1,3,0,0,0,1,0,0
59443,ZA1,Western Cape,ZA5,KwaZulu-Natal,2020-07-31,2020-07-31,6,6,6,10731981.307927214,7160938.340302027,191476,741.6001323419176,1111.4240033959193,531.8777777777779,531.8777777777779,1.0,20200731,20200731,0.24146430881004144,0.6902282722160927,0.06830741897386587,0.4994387746892386,6898299.0,0.3109682093283005,0.6320226943362347,0.05700909633546477,0.4797594466393526,10418811.0,0.48495156727992644,0.8888888888888888,0.07735186107982292,0.5555555555555556,783.0,2787.0,1,1,3,0,0,0,1,0,0
59444,ZA7,Gauteng,ZA4,Free State,2020-07-31,2020-07-31,442,430,422,97810854.51570576,48679677.65713779,6208796,71.67807901313937,144.02096512838034,234.1174962292609,245.213112164297,1.04739336492891,20200731,20200731,0.22703936886350948,0.7223349844212468,0.050625646715243805,0.5123439321519871,14760167.0,0.28114593899768064,0.6555271573171474,0.06332690368517199,0.4905192097314189,2663702.0,0.6706237180439658,1.0,0.2248492570676798,0.7777777777777778,3698.0,864.0,1,1,3,0,0,0,1,0,0
59445,ZA5,KwaZulu-Natal,,,2020-07-31,2020-07-31,29,29,29,3096037.631371603,1371216.325343522,240281,29.380493892896563,66.33753773162152,138.0925287356322,138.0925287356322,1.0,20200731,20200731,0.3109682093283005,0.6320226943362347,0.05700909633546477,0.4797594466393526,10418811.0,,,,,,0.07735186107982292,0.5555555555555556,,,2787.0,,1,1,3,0,0,0,1,0,0
59446,ZA6,North West,ZA4,Free State,2020-07-31,2020-08-01,18,18,18,1750644.5798845862,636972.5264739146,414429,21.98868767764017,60.43333943259511,383.7305555555556,383.7305555555556,1.0,20200731,20200801,0.2828745421867569,0.6531826641385288,0.0639427936747143,0.5169154144355026,3885864.0,0.28114593899768064,0.6555271573171474,0.06332690368517199,0.4905192097314189,2663702.0,-0.04677388157695324,0.1111111111111111,0.2248492570676798,0.7777777777777778,514.0,1046.0,1,1,3,0,0,0,1,0,0
59447,ZA1,Western Cape,ZA1,Western Cape,2020-07-31,2020-07-31,64750,33702,22504,2622618874.683582,754068121.4346197,417028403,20.821018825275345,72.41467370006544,107.34321827541828,308.85502058893235,2.877266263775329,20200731,20200731,0.24146430881004144,0.6902282722160927,0.06830741897386587,0.4994387746892386,6898299.0,0.24146430881004144,0.6902282722160927,0.06830741897386587,0.4994387746892386,6898299.0,0.48495156727992644,0.8888888888888888,0.48495156727992644,0.8888888888888888,783.0,783.0,1,1,3,0,0,0,1,0,0
59448,ZA4,Free State,ZA6,North West,2020-07-31,2020-07-31,112,110,108,19465904.74759058,8129515.750762136,1629652,46.77265642928938,111.9958559350809,242.5077380952381,251.4895061728395,1.037037037037037,20200731,20200731,0.28114593899768064,0.6555271573171474,0.06332690368517199,0.4905192097314189,2663702.0,0.2828745421867569,0.6531826641385288,0.0639427936747143,0.5169154144355026,3885864.0,0.2248492570676798,0.7777777777777778,-0.04677388157695324,0.1111111111111111,864.0,514.0,1,1,3,0,0,0,1,0,0
59449,ZA4,Free State,ZA6,North West,2020-07-31,2020-08-01,11,11,11,949300.6875556284,403307.02603515936,303306,22.782124327741855,53.62437272892379,459.5545454545455,459.5545454545455,1.0,20200731,20200801,0.28114593899768064,0.6555271573171474,0.06332690368517199,0.4905192097314189,2663702.0,0.2828745421867569,0.6531826641385288,0.0639427936747143,0.5169154144355026,3885864.0,0.2248492570676798,0.7777777777777778,-0.04677388157695324,0.1111111111111111,864.0,389.0,1,1,3,0,0,0,1,0,0
59450,ZA7,Gauteng,ZA1,Western Cape,2020-07-31,2020-07-31,45,45,45,73724216.09679206,58774319.16718404,1519120,811.570417196683,1018.002312285034,562.637037037037,562.637037037037,1.0,20200731,20200731,0.22703936886350948,0.7223349844212468,0.050625646715243805,0.5123439321519871,14760167.0,0.24146430881004144,0.6902282722160927,0.06830741897386587,0.4994387746892386,6898299.0,0.6706237180439658,1.0,0.48495156727992644,0.8888888888888888,3698.0,783.0,1,1,3,0,0,0,1,0,0
59451,ZA8,Mpumalanga,ZA9,Limpopo,2020-07-31,2020-08-01,12,12,12,1280775.1801417817,656306.2469254251,276895,33.98414959373846,66.31973338939042,384.57638888888886,384.57638888888886,1.0,20200731,20200801,0.30219785415266165,0.6444398558234767,0.053362290023861565,0.4955341209781855,4547481.0,0.3322212084583728,0.5982309127294063,0.06954787881222096,0.47107489302560024,5527257.0,0.0523010419666447,0.4444444444444444,-0.020299216875639643,0.3333333333333333,821.0,314.0,1,1,3,0,0,0,1,0,0
59452,ZA6,North West,ZA6,North West,2020-07-31,2020-08-01,1109,1109,1109,31557759.04626584,10868332.1413484,34904706,6.089511722543726,17.681769488653483,524.5672678088368,524.5672678088368,1.0,20200731,20200801,0.2828745421867569,0.6531826641385288,0.0639427936747143,0.5169154144355026,3885864.0,0.2828745421867569,0.6531826641385288,0.0639427936747143,0.5169154144355026,3885864.0,-0.04677388157695324,0.1111111111111111,-0.04677388157695324,0.1111111111111111,514.0,389.0,1,1,3,0,0,0,1,0,0
59453,ZA8,Mpumalanga,ZA5,KwaZulu-Natal,2020-07-31,2020-07-31,34,34,34,14703713.472029544,9390981.95645848,771537,171.62604866364404,268.7195285420925,378.20441176470587,378.20441176470587,1.0,20200731,20200731,0.30219785415266165,0.6444398558234767,0.053362290023861565,0.4955341209781855,4547481.0,0.3109682093283005,0.6320226943362347,0.05700909633546477,0.4797594466393526,10418811.0,0.0523010419666447,0.4444444444444444,0.07735186107982292,0.5555555555555556,821.0,2787.0,1,1,3,0,0,0,1,0,0
59454,ZA7,Gauteng,ZA7,Gauteng,2020-07-31,2020-08-01,11910,11910,11910,328166132.1793436,118202718.71777532,358275965,6.166898761994818,17.12115707843772,501.3657500699693,501.3657500699693,1.0,20200731,20200801,0.22703936886350948,0.7223349844212468,0.050625646715243805,0.5123439321519871,14760167.0,0.22703936886350948,0.7223349844212468,0.050625646715243805,0.5123439321519871,14760167.0,0.6706237180439658,1.0,0.6706237180439658,1.0,3698.0,2847.0,1,1,3,0,0,0,1,0,0
59455,ZA7,Gauteng,ZA5,KwaZulu-Natal,2020-07-31,2020-07-31,107,107,106,66284710.81226196,50989850.82826178,3053839,298.90211699208334,388.56046966530295,475.6758566978193,480.1633647798742,1.009433962264151,20200731,20200731,0.22703936886350948,0.7223349844212468,0.050625646715243805,0.5123439321519871,14760167.0,0.3109682093283005,0.6320226943362347,0.05700909633546477,0.4797594466393526,10418811.0,0.6706237180439658,1.0,0.07735186107982292,0.5555555555555556,3698.0,2787.0,1,1,3,0,0,0,1,0,0
59456,ZA5,KwaZulu-Natal,ZA2,Eastern Cape,2020-07-31,2020-07-31,29,29,29,8460679.691050138,4812237.029002469,498177,103.10984344965206,181.2835388540008,286.3086206896552,286.3086206896552,1.0,20200731,20200731,0.3109682093283005,0.6320226943362347,0.05700909633546477,0.4797594466393526,10418811.0,0.32240858903092945,0.600977358291188,0.07661405267788246,0.47559015644122027,6510816.0,0.07735186107982292,0.5555555555555556,-0.04666754827373582,0.2222222222222222,2787.0,883.0,1,1,3,0,0,0,1,0,0
59457,ZA7,Gauteng,ZA6,North West,2020-07-31,2020-08-01,61,61,61,6368976.031269405,2682193.752109609,1630655,27.32193327147338,64.87702016198153,445.5341530054645,445.5341530054645,1.0,20200731,20200801,0.22703936886350948,0.7223349844212468,0.050625646715243805,0.5123439321519871,14760167.0,0.2828745421867569,0.6531826641385288,0.0639427936747143,0.5169154144355026,3885864.0,0.6706237180439658,1.0,-0.04677388157695324,0.1111111111111111,3698.0,389.0,1,1,3,0,0,0,1,0,0
59458,ZA4,Free State,ZA7,Gauteng,2020-07-31,2020-07-31,358,349,336,61334113.49233159,30383631.639978472,4983800,56.18902802569466,113.4263429331846,232.02048417132212,247.2123015873016,1.0654761904761905,20200731,20200731,0.28114593899768064,0.6555271573171474,0.06332690368517199,0.4905192097314189,2663702.0,0.22703936886350948,0.7223349844212468,0.050625646715243805,0.5123439321519871,14760167.0,0.2248492570676798,0.7777777777777778,0.6706237180439658,1.0,864.0,3698.0,1,1,3,0,0,0,1,0,0
59459,ZA7,Gauteng,ZA6,North West,2020-07-31,2020-07-31,676,671,645,108516060.4482142,55666549.46529517,10854809,53.62727164184339,104.54070365520224,267.62349605522684,280.48602067183464,1.048062015503876,20200731,20200731,0.22703936886350948,0.7223349844212468,0.050625646715243805,0.5123439321519871,14760167.0,0.2828745421867569,0.6531826641385288,0.0639427936747143,0.5169154144355026,3885864.0,0.6706237180439658,1.0,-0.04677388157695324,0.1111111111111111,3698.0,514.0,1,1,3,0,0,0,1,0,0
59460,ZA6,North West,ZA4,Free State,2020-07-31,2020-07-31,129,127,124,25130437.232935417,10825843.07953304,1591480,54.24892759115916,125.93007858769812,205.61757105943155,213.90860215053763,1.0403225806451613,20200731,20200731,0.2828745421867569,0.6531826641385288,0.0639427936747143,0.5169154144355026,3885864.0,0.28114593899768064,0.6555271573171474,0.06332690368517199,0.4905192097314189,2663702.0,-0.04677388157695324,0.1111111111111111,0.2248492570676798,0.7777777777777778,514.0,864.0,1,1,3,0,0,0,1,0,0
59461,ZA4,Free State,ZA7,Gauteng,2020-07-31,2020-08-01,49,49,49,5783961.150311242,2433058.9466791293,1083260,30.853729356769843,73.34667011884322,368.4557823129252,368.4557823129252,1.0,20200731,20200801,0.28114593899768064,0.6555271573171474,0.06332690368517199,0.4905192097314189,2663702.0,0.22703936886350948,0.7223349844212468,0.050625646715243805,0.5123439321519871,14760167.0,0.2248492570676798,0.7777777777777778,0.6706237180439658,1.0,864.0,2847.0,1,1,3,0,0,0,1,0,0
59462,ZA3,Nothern Cape,ZA3,Nothern Cape,2020-07-31,2020-07-31,4935,2386,1592,307165989.36434096,66944289.68027785,33502419,26.128927821680712,119.88950818221154,113.14562310030396,350.7372173366834,3.0998743718592965,20200731,20200731,0.2905180543789262,0.6449880916225764,0.06449385399849747,0.5008080113808923,1251220.0,0.2905180543789262,0.6449880916225764,0.06449385399849747,0.5008080113808923,1251220.0,0.09958456723393624,0.6666666666666666,0.09958456723393624,0.6666666666666666,339.0,339.0,1,1,3,0,0,0,1,0,0
59463,ZA7,Gauteng,ZA3,Nothern Cape,2020-07-31,2020-07-31,20,20,20,21579800.58397203,13448012.632841133,675502,417.8103821445611,670.4533208553307,562.9183333333333,562.9183333333333,1.0,20200731,20200731,0.22703936886350948,0.7223349844212468,0.050625646715243805,0.5123439321519871,14760167.0,0.2905180543789262,0.6449880916225764,0.06449385399849747,0.5008080113808923,1251220.0,0.6706237180439658,1.0,0.09958456723393624,0.6666666666666666,3698.0,339.0,1,1,3,0,0,0,1,0,0
59464,ZA5,KwaZulu-Natal,ZA7,Gauteng,2020-07-31,2020-07-31,72,72,72,57896140.85341504,35207349.761102,2204516,303.8449013412884,499.6526953892655,510.3046296296296,510.3046296296296,1.0,20200731,20200731,0.3109682093283005,0.6320226943362347,0.05700909633546477,0.4797594466393526,10418811.0,0.22703936886350948,0.7223349844212468,0.050625646715243805,0.5123439321519871,14760167.0,0.07735186107982292,0.5555555555555556,0.6706237180439658,1.0,2787.0,3698.0,1,1,3,0,0,0,1,0,0
59465,ZA5,KwaZulu-Natal,ZA8,Mpumalanga,2020-07-31,2020-07-31,32,31,31,13808518.870317085,7806255.741185581,794269,156.47040118741992,276.7811559187307,413.68177083333336,427.0263440860216,1.032258064516129,20200731,20200731,0.3109682093283005,0.6320226943362347,0.05700909633546477,0.4797594466393526,10418811.0,0.30219785415266165,0.6444398558234767,0.053362290023861565,0.4955341209781855,4547481.0,0.07735186107982292,0.5555555555555556,0.0523010419666447,0.4444444444444444,2787.0,821.0,1,1,3,0,0,0,1,0,0
59466,ZA1,Western Cape,,,2020-07-31,2020-07-31,15,15,14,800688.4104877965,183670.23749145307,111514,8.151956746327034,35.537479445387,123.90444444444444,132.75476190476192,1.0714285714285714,20200731,20200731,0.24146430881004144,0.6902282722160927,0.06830741897386587,0.4994387746892386,6898299.0,,,,,,0.48495156727992644,0.8888888888888888,,,783.0,,1,1,3,0,0,0,1,0,0
59468,ZA6,North West,ZA9,Limpopo,2020-07-31,2020-07-31,49,49,47,13813475.33135281,7976349.434459502,948937,105.45263314450396,182.6233113953978,322.76768707482995,336.5024822695035,1.0425531914893618,20200731,20200731,0.2828745421867569,0.6531826641385288,0.0639427936747143,0.5169154144355026,3885864.0,0.3322212084583728,0.5982309127294063,0.06954787881222096,0.47107489302560024,5527257.0,-0.04677388157695324,0.1111111111111111,-0.020299216875639643,0.3333333333333333,514.0,325.0,1,1,3,0,0,0,1,0,0
59469,ZA5,KwaZulu-Natal,ZA6,North West,2020-07-31,2020-07-31,1,1,1,630085.0765305182,630085.0765305182,55027,391.5167152147199,391.5167152147199,917.1166666666668,917.1166666666668,1.0,20200731,20200731,0.3109682093283005,0.6320226943362347,0.05700909633546477,0.4797594466393526,10418811.0,0.2828745421867569,0.6531826641385288,0.0639427936747143,0.5169154144355026,3885864.0,0.07735186107982292,0.5555555555555556,-0.04677388157695324,0.1111111111111111,2787.0,514.0,1,1,3,0,0,0,1,0,0
59471,ZA5,KwaZulu-Natal,ZA5,KwaZulu-Natal,2020-07-31,2020-08-01,3424,3424,3424,88963143.7762221,32948005.70102828,109683771,5.979246958028743,16.144607100879814,533.8968603971963,533.8968603971963,1.0,20200731,20200801,0.3109682093283005,0.6320226943362347,0.05700909633546477,0.4797594466393526,10418811.0,0.3109682093283005,0.6320226943362347,0.05700909633546477,0.4797594466393526,10418811.0,0.07735186107982292,0.5555555555555556,0.07735186107982292,0.5555555555555556,2787.0,2901.0,1,1,3,0,0,0,1,0,0
59472,ZA8,Mpumalanga,ZA8,Mpumalanga,2020-07-31,2020-07-31,15528,7850,5155,812829128.5252901,207912048.43725663,104793427,25.061213854115323,97.97645095576968,112.47791838399448,338.80836404785,3.0122211445198834,20200731,20200731,0.30219785415266165,0.6444398558234767,0.053362290023861565,0.4955341209781855,4547481.0,0.30219785415266165,0.6444398558234767,0.053362290023861565,0.4955341209781855,4547481.0,0.0523010419666447,0.4444444444444444,0.0523010419666447,0.4444444444444444,821.0,821.0,1,1,3,0,0,0,1,0,0
59473,ZA1,Western Cape,ZA7,Gauteng,2020-07-31,2020-07-31,34,34,33,66867628.07684645,42726665.50423893,869177,804.5187601422641,1259.0793266725063,426.0671568627451,438.9782828282828,1.0303030303030305,20200731,20200731,0.24146430881004144,0.6902282722160927,0.06830741897386587,0.4994387746892386,6898299.0,0.22703936886350948,0.7223349844212468,0.050625646715243805,0.5123439321519871,14760167.0,0.48495156727992644,0.8888888888888888,0.6706237180439658,1.0,783.0,3698.0,1,1,3,0,0,0,1,0,0
59474,ZA9,Limpopo,ZA7,Gauteng,2020-07-31,2020-07-31,120,120,115,59518484.41007214,31915865.637607533,2896074,172.44869115240652,321.5919271134409,402.2325,419.72086956521736,1.0434782608695652,20200731,20200731,0.3322212084583728,0.5982309127294063,0.06954787881222096,0.47107489302560024,5527257.0,0.22703936886350948,0.7223349844212468,0.050625646715243805,0.5123439321519871,14760167.0,-0.020299216875639643,0.3333333333333333,0.6706237180439658,1.0,325.0,3698.0,1,1,3,0,0,0,1,0,0
59475,ZA2,Eastern Cape,ZA1,Western Cape,2020-07-31,2020-07-31,35,32,27,85431255.76195188,20574977.067473803,744717,473.5073344693334,1966.0933795235792,354.62714285714287,459.7018518518518,1.2962962962962965,20200731,20200731,0.32240858903092945,0.600977358291188,0.07661405267788246,0.47559015644122027,6510816.0,0.24146430881004144,0.6902282722160927,0.06830741897386587,0.4994387746892386,6898299.0,-0.04666754827373582,0.2222222222222222,0.48495156727992644,0.8888888888888888,883.0,783.0,1,1,3,0,0,0,1,0,0
59477,ZA2,Eastern Cape,ZA4,Free State,2020-07-31,2020-07-31,23,23,21,8400689.293133069,4687479.446973334,422681,138.69831869303903,248.5688724614048,306.2905797101449,335.4611111111111,1.0952380952380951,20200731,20200731,0.32240858903092945,0.600977358291188,0.07661405267788246,0.47559015644122027,6510816.0,0.28114593899768064,0.6555271573171474,0.06332690368517199,0.4905192097314189,2663702.0,-0.04666754827373582,0.2222222222222222,0.2248492570676798,0.7777777777777778,883.0,864.0,1,1,3,0,0,0,1,0,0
59478,ZA8,Mpumalanga,ZA8,Mpumalanga,2020-07-31,2020-08-01,1520,1520,1520,46483163.60064698,15205207.002427936,48426576,6.2158405284961225,19.002170253616487,530.9931578947368,530.9931578947368,1.0,20200731,20200801,0.30219785415266165,0.6444398558234767,0.053362290023861565,0.4955341209781855,4547481.0,0.30219785415266165,0.6444398558234767,0.053362290023861565,0.4955341209781855,4547481.0,0.0523010419666447,0.4444444444444444,0.0523010419666447,0.4444444444444444,821.0,580.0,1,1,3,0,0,0,1,0,0
59479,ZA5,KwaZulu-Natal,ZA4,Free State,2020-07-31,2020-08-01,3,3,3,702744.0022835418,333504.8740343657,69756,69.07677373189857,145.5549595121867,387.53333333333336,387.53333333333336,1.0,20200731,20200801,0.3109682093283005,0.6320226943362347,0.05700909633546477,0.4797594466393526,10418811.0,0.28114593899768064,0.6555271573171474,0.06332690368517199,0.4905192097314189,2663702.0,0.07735186107982292,0.5555555555555556,0.2248492570676798,0.7777777777777778,2787.0,1046.0,1,1,3,0,0,0,1,0,0
59480,ZA4,Free State,,,2020-07-31,2020-07-31,1,1,1,940542.289066797,461908.1709424167,3021,287.0164308826557,584.4258835070668,50.35,50.35,1.0,20200731,20200731,0.28114593899768064,0.6555271573171474,0.06332690368517199,0.4905192097314189,2663702.0,,,,,,0.2248492570676798,0.7777777777777778,,,864.0,,1,1,3,0,0,0,1,0,0
59481,ZA6,North West,ZA6,North West,2020-07-31,2020-07-31,11759,6014,3925,595897600.8477775,145182970.07556272,73911818,22.98408030787505,94.33722361532496,104.75921705360432,313.85060721868365,2.995923566878981,20200731,20200731,0.2828745421867569,0.6531826641385288,0.0639427936747143,0.5169154144355026,3885864.0,0.2828745421867569,0.6531826641385288,0.0639427936747143,0.5169154144355026,3885864.0,-0.04677388157695324,0.1111111111111111,-0.04677388157695324,0.1111111111111111,514.0,514.0,1,1,3,0,0,0,1,0,0
59482,ZA4,Free State,ZA4,Free State,2020-07-31,2020-07-31,12323,6307,4112,651332038.4774795,170616912.35904613,77195995,25.782206772469166,98.4238728820828,104.40638778435986,312.8890847924773,2.996838521400778,20200731,20200731,0.28114593899768064,0.6555271573171474,0.06332690368517199,0.4905192097314189,2663702.0,0.28114593899768064,0.6555271573171474,0.06332690368517199,0.4905192097314189,2663702.0,0.2248492570676798,0.7777777777777778,0.2248492570676798,0.7777777777777778,864.0,864.0,1,1,3,0,0,0,1,0,0
59483,ZA4,Free State,ZA5,KwaZulu-Natal,2020-07-31,2020-07-31,40,40,40,24208117.688406456,10530168.026152955,879250,163.5785765217529,376.0556737466703,366.3541666666667,366.3541666666667,1.0,20200731,20200731,0.28114593899768064,0.6555271573171474,0.06332690368517199,0.4905192097314189,2663702.0,0.3109682093283005,0.6320226943362347,0.05700909633546477,0.4797594466393526,10418811.0,0.2248492570676798,0.7777777777777778,0.07735186107982292,0.5555555555555556,864.0,2787.0,1,1,3,0,0,0,1,0,0
59484,ZA7,Gauteng,ZA8,Mpumalanga,2020-07-31,2020-08-01,22,22,22,2119602.0549414195,988498.8715082536,668822,27.919305559742856,59.866347997620586,506.6833333333333,506.6833333333333,1.0,20200731,20200801,0.22703936886350948,0.7223349844212468,0.050625646715243805,0.5123439321519871,14760167.0,0.30219785415266165,0.6444398558234767,0.053362290023861565,0.4955341209781855,4547481.0,0.6706237180439658,1.0,0.0523010419666447,0.4444444444444444,3698.0,580.0,1,1,3,0,0,0,1,0,0
59485,ZA9,Limpopo,ZA9,Limpopo,2020-07-31,2020-08-01,1246,1246,1246,35686724.449943185,13562017.350953847,42227147,6.763280008431462,17.79671149157818,564.8361021936865,564.8361021936865,1.0,20200731,20200801,0.3322212084583728,0.5982309127294063,0.06954787881222096,0.47107489302560024,5527257.0,0.3322212084583728,0.5982309127294063,0.06954787881222096,0.47107489302560024,5527257.0,-0.020299216875639643,0.3333333333333333,-0.020299216875639643,0.3333333333333333,325.0,314.0,1,1,3,0,0,0,1,0,0
59486,ZA1,Western Cape,ZA1,Western Cape,2020-07-31,2020-08-01,6224,6224,6222,163300454.45078677,66147269.863645576,189933085,6.605915772809084,16.308292843938254,508.6040193873179,508.7675050894675,1.0003214400514304,20200731,20200801,0.24146430881004144,0.6902282722160927,0.06830741897386587,0.4994387746892386,6898299.0,0.24146430881004144,0.6902282722160927,0.06830741897386587,0.4994387746892386,6898299.0,0.48495156727992644,0.8888888888888888,0.48495156727992644,0.8888888888888888,783.0,966.0,1,1,3,0,0,0,1,0,0
59487,ZA8,Mpumalanga,ZA9,Limpopo,2020-07-31,2020-07-31,167,165,158,32336071.278728496,16674587.396732677,2403003,65.57663449856585,127.16900735908187,239.82065868263476,253.48132911392403,1.0569620253164558,20200731,20200731,0.30219785415266165,0.6444398558234767,0.053362290023861565,0.4955341209781855,4547481.0,0.3322212084583728,0.5982309127294063,0.06954787881222096,0.47107489302560024,5527257.0,0.0523010419666447,0.4444444444444444,-0.020299216875639643,0.3333333333333333,821.0,325.0,1,1,3,0,0,0,1,0,0
59488,ZA6,North West,ZA3,Nothern Cape,2020-07-31,2020-08-01,3,3,3,371180.8947907456,125098.35465160685,77740,25.91083792559926,76.88037171061535,431.88888888888886,431.88888888888886,1.0,20200731,20200801,0.2828745421867569,0.6531826641385288,0.0639427936747143,0.5169154144355026,3885864.0,0.2905180543789262,0.6449880916225764,0.06449385399849747,0.5008080113808923,1251220.0,-0.04677388157695324,0.1111111111111111,0.09958456723393624,0.6666666666666666,514.0,220.0,1,1,3,0,0,0,1,0,0
59489,ZA4,Free State,ZA4,Free State,2020-07-31,2020-08-01,1056,1056,1056,35561265.199851885,7998004.701590433,33318068,4.706183444078646,20.92494863134468,525.8533459595959,525.8533459595959,1.0,20200731,20200801,0.28114593899768064,0.6555271573171474,0.06332690368517199,0.4905192097314189,2663702.0,0.28114593899768064,0.6555271573171474,0.06332690368517199,0.4905192097314189,2663702.0,0.2248492570676798,0.7777777777777778,0.2248492570676798,0.7777777777777778,864.0,1046.0,1,1,3,0,0,0,1,0,0
59490,ZA1,Western Cape,ZA6,North West,2020-07-31,2020-07-31,6,6,6,11272719.446243104,6517698.861022491,249079,674.9850519862432,1167.423853678176,691.8861111111111,691.8861111111111,1.0,20200731,20200731,0.24146430881004144,0.6902282722160927,0.06830741897386587,0.4994387746892386,6898299.0,0.2828745421867569,0.6531826641385288,0.0639427936747143,0.5169154144355026,3885864.0,0.48495156727992644,0.8888888888888888,-0.04677388157695324,0.1111111111111111,783.0,514.0,1,1,3,0,0,0,1,0,0
59491,ZA8,Mpumalanga,ZA7,Gauteng,2020-07-31,2020-08-01,30,30,30,3059476.0680577517,1451719.734294898,762602,30.068560736442883,63.36900973435452,423.66777777777776,423.66777777777776,1.0,20200731,20200801,0.30219785415266165,0.6444398558234767,0.053362290023861565,0.4955341209781855,4547481.0,0.22703936886350948,0.7223349844212468,0.050625646715243805,0.5123439321519871,14760167.0,0.0523010419666447,0.4444444444444444,0.6706237180439658,1.0,821.0,2847.0,1,1,3,0,0,0,1,0,0
59492,ZA9,Limpopo,ZA4,Free State,2020-07-31,2020-07-31,8,8,7,25979607.862568967,5706096.0222422695,116967,506.5148126230554,2306.139987346128,243.68125,278.49285714285713,1.1428571428571428,20200731,20200731,0.3322212084583728,0.5982309127294063,0.06954787881222096,0.47107489302560024,5527257.0,0.28114593899768064,0.6555271573171474,0.06332690368517199,0.4905192097314189,2663702.0,-0.020299216875639643,0.3333333333333333,0.2248492570676798,0.7777777777777778,325.0,864.0,1,1,3,0,0,0,1,0,0
59493,ZA8,Mpumalanga,ZA7,Gauteng,2020-07-31,2020-07-31,389,388,377,103135075.997664,50657018.07528368,6785420,83.4928692748732,169.98717542216582,290.72065124250213,299.974358974359,1.0318302387267904,20200731,20200731,0.30219785415266165,0.6444398558234767,0.053362290023861565,0.4955341209781855,4547481.0,0.22703936886350948,0.7223349844212468,0.050625646715243805,0.5123439321519871,14760167.0,0.0523010419666447,0.4444444444444444,0.6706237180439658,1.0,821.0,3698.0,1,1,3,0,0,0,1,0,0
59494,ZA6,North West,ZA9,Limpopo,2020-07-31,2020-08-01,8,8,8,705456.7460656848,332556.0426255292,317299,25.830093086494337,54.79381242183809,661.0395833333333,661.0395833333333,1.0,20200731,20200801,0.2828745421867569,0.6531826641385288,0.0639427936747143,0.5169154144355026,3885864.0,0.3322212084583728,0.5982309127294063,0.06954787881222096,0.47107489302560024,5527257.0,-0.04677388157695324,0.1111111111111111,-0.020299216875639643,0.3333333333333333,514.0,314.0,1,1,3,0,0,0,1,0,0
59495,ZA9,Limpopo,ZA8,Mpumalanga,2020-07-31,2020-07-31,131,129,120,24654694.73716633,12012756.184530228,2103909,62.20317193698296,127.66430885900472,267.6729007633588,292.20958333333334,1.0916666666666666,20200731,20200731,0.3322212084583728,0.5982309127294063,0.06954787881222096,0.47107489302560024,5527257.0,0.30219785415266165,0.6444398558234767,0.053362290023861565,0.4955341209781855,4547481.0,-0.020299216875639643,0.3333333333333333,0.0523010419666447,0.4444444444444444,325.0,821.0,1,1,3,0,0,0,1,0,0
59496,ZA2,Eastern Cape,ZA2,Eastern Cape,2020-07-31,2020-07-31,17515,8684,5825,957565353.9075547,231803412.4634275,118862864,24.727203908512006,102.14652800046385,113.1057798077838,340.0940314735336,3.0068669527897,20200731,20200731,0.32240858903092945,0.600977358291188,0.07661405267788246,0.47559015644122027,6510816.0,0.32240858903092945,0.600977358291188,0.07661405267788246,0.47559015644122027,6510816.0,-0.04666754827373582,0.2222222222222222,-0.04666754827373582,0.2222222222222222,883.0,883.0,1,1,3,0,0,0,1,0,0
59497,ZA3,Nothern Cape,ZA8,Mpumalanga,2020-07-31,2020-07-31,4,4,4,7574900.138254043,3680835.241891932,123167,571.7912456708963,1176.706182496415,513.1958333333333,513.1958333333333,1.0,20200731,20200731,0.2905180543789262,0.6449880916225764,0.06449385399849747,0.5008080113808923,1251220.0,0.30219785415266165,0.6444398558234767,0.053362290023861565,0.4955341209781855,4547481.0,0.09958456723393624,0.6666666666666666,0.0523010419666447,0.4444444444444444,339.0,821.0,1,1,3,0,0,0,1,0,0
59498,ZA9,Limpopo,ZA9,Limpopo,2020-07-31,2020-07-31,12889,6358,4215,767251605.8351803,212911730.04296923,88018443,31.38723974806956,113.10748400090507,113.81597098300875,348.0365480427046,3.0578884934756823,20200731,20200731,0.3322212084583728,0.5982309127294063,0.06954787881222096,0.47107489302560024,5527257.0,0.3322212084583728,0.5982309127294063,0.06954787881222096,0.47107489302560024,5527257.0,-0.020299216875639643,0.3333333333333333,-0.020299216875639643,0.3333333333333333,325.0,325.0,1,1,3,0,0,0,1,0,0
59499,ZA3,Nothern Cape,ZA6,North West,2020-07-31,2020-07-31,42,42,42,20154960.11805613,7193286.980800924,825711,106.42145969918003,298.1836094774394,327.66309523809525,327.66309523809525,1.0,20200731,20200731,0.2905180543789262,0.6449880916225764,0.06449385399849747,0.5008080113808923,1251220.0,0.2828745421867569,0.6531826641385288,0.0639427936747143,0.5169154144355026,3885864.0,0.09958456723393624,0.6666666666666666,-0.04677388157695324,0.1111111111111111,339.0,514.0,1,1,3,0,0,0,1,0,0
59500,ZA9,Limpopo,ZA8,Mpumalanga,2020-07-31,2020-08-01,19,19,19,2564598.825656348,1179627.3097191234,481757,38.57823304399424,83.8719910478185,422.59385964912286,422.59385964912286,1.0,20200731,20200801,0.3322212084583728,0.5982309127294063,0.06954787881222096,0.47107489302560024,5527257.0,0.30219785415266165,0.6444398558234767,0.053362290023861565,0.4955341209781855,4547481.0,-0.020299216875639643,0.3333333333333333,0.0523010419666447,0.4444444444444444,325.0,580.0,1,1,3,0,0,0,1,0,0
59501,ZA6,North West,ZA7,Gauteng,2020-07-31,2020-07-31,588,582,553,101050757.06495546,49113700.38966548,8307658,55.18596485771003,113.5443569510607,235.4778344671202,250.3814948764316,1.0632911392405062,20200731,20200731,0.2828745421867569,0.6531826641385288,0.0639427936747143,0.5169154144355026,3885864.0,0.22703936886350948,0.7223349844212468,0.050625646715243805,0.5123439321519871,14760167.0,-0.04677388157695324,0.1111111111111111,0.6706237180439658,1.0,514.0,3698.0,1,1,3,0,0,0,1,0,0
59502,ZA7,Gauteng,ZA8,Mpumalanga,2020-07-31,2020-07-31,503,502,494,127928751.19389968,73807765.43918572,9141451,92.8380955613772,160.91344261292855,302.8976474486415,308.41602564102567,1.0182186234817814,20200731,20200731,0.22703936886350948,0.7223349844212468,0.050625646715243805,0.5123439321519871,14760167.0,0.30219785415266165,0.6444398558234767,0.053362290023861565,0.4955341209781855,4547481.0,0.6706237180439658,1.0,0.0523010419666447,0.4444444444444444,3698.0,821.0,1,1,3,0,0,0,1,0,0
59503,ZA3,Nothern Cape,ZA3,Nothern Cape,2020-07-31,2020-08-01,506,506,506,15304646.254698988,4704011.597854101,16991598,5.776555918689425,18.794202154254855,559.6705533596837,559.6705533596837,1.0,20200731,20200801,0.2905180543789262,0.6449880916225764,0.06449385399849747,0.5008080113808923,1251220.0,0.2905180543789262,0.6449880916225764,0.06449385399849747,0.5008080113808923,1251220.0,0.09958456723393624,0.6666666666666666,0.09958456723393624,0.6666666666666666,339.0,220.0,1,1,3,0,0,0,1,0,0
59504,ZA6,North West,ZA7,Gauteng,2020-07-31,2020-08-01,163,163,163,18327821.954476763,7887781.6920222845,3432696,30.068958982084062,69.8673655151338,350.9914110429448,350.9914110429448,1.0,20200731,20200801,0.2828745421867569,0.6531826641385288,0.0639427936747143,0.5169154144355026,3885864.0,0.22703936886350948,0.7223349844212468,0.050625646715243805,0.5123439321519871,14760167.0,-0.04677388157695324,0.1111111111111111,0.6706237180439658,1.0,514.0,2847.0,1,1,3,0,0,0,1,0,0
59505,ZA4,Free State,ZA9,Limpopo,2020-07-31,2020-07-31,10,10,10,18319440.80775032,5415395.388020778,225416,336.49706886910303,1138.3172775833086,375.6933333333333,375.6933333333333,1.0,20200731,20200731,0.28114593899768064,0.6555271573171474,0.06332690368517199,0.4905192097314189,2663702.0,0.3322212084583728,0.5982309127294063,0.06954787881222096,0.47107489302560024,5527257.0,0.2248492570676798,0.7777777777777778,-0.020299216875639643,0.3333333333333333,864.0,325.0,1,1,3,0,0,0,1,0,0
59506,ZA7,Gauteng,ZA7,Gauteng,2020-07-31,2020-07-31,123640,63155,43893,5062377966.347764,1414014742.419562,807503367,20.01749769526826,71.6655464995676,108.85141903914592,306.61812703620166,2.8168500672088945,20200731,20200731,0.22703936886350948,0.7223349844212468,0.050625646715243805,0.5123439321519871,14760167.0,0.22703936886350948,0.7223349844212468,0.050625646715243805,0.5123439321519871,14760167.0,0.6706237180439658,1.0,0.6706237180439658,1.0,3698.0,3698.0,1,1,3,0,0,0,1,0,0
59507,ZA7,Gauteng,ZA9,Limpopo,2020-07-31,2020-07-31,329,329,325,97190275.50948574,74718540.6261741,8587724,142.85522668036762,185.8191918990896,435.0417426545086,440.3961025641026,1.0123076923076924,20200731,20200731,0.22703936886350948,0.7223349844212468,0.050625646715243805,0.5123439321519871,14760167.0,0.3322212084583728,0.5982309127294063,0.06954787881222096,0.47107489302560024,5527257.0,0.6706237180439658,1.0,-0.020299216875639643,0.3333333333333333,3698.0,325.0,1,1,3,0,0,0,1,0,0
59508,ZA3,Nothern Cape,ZA5,KwaZulu-Natal,2020-07-31,2020-07-31,3,3,3,2701263.048914035,1831680.5084179407,40496,379.3845004378473,559.4956804167898,224.97777777777776,224.97777777777776,1.0,20200731,20200731,0.2905180543789262,0.6449880916225764,0.06449385399849747,0.5008080113808923,1251220.0,0.3109682093283005,0.6320226943362347,0.05700909633546477,0.4797594466393526,10418811.0,0.09958456723393624,0.6666666666666666,0.07735186107982292,0.5555555555555556,339.0,2787.0,1,1,3,0,0,0,1,0,0
59509,ZA4,Free State,ZA3,Nothern Cape,2020-07-31,2020-07-31,47,46,44,16869415.4300138,10123288.505264856,775876,142.9618147245209,238.231108593058,275.1333333333333,293.8924242424243,1.068181818181818,20200731,20200731,0.28114593899768064,0.6555271573171474,0.06332690368517199,0.4905192097314189,2663702.0,0.2905180543789262,0.6449880916225764,0.06449385399849747,0.5008080113808923,1251220.0,0.2248492570676798,0.7777777777777778,0.09958456723393624,0.6666666666666666,864.0,339.0,1,1,3,0,0,0,1,0,0
59510,ZA5,KwaZulu-Natal,ZA4,Free State,2020-07-31,2020-07-31,25,25,25,14831649.67606789,7421429.025392747,673750,184.45848806452184,368.63839368259096,449.1666666666667,449.1666666666667,1.0,20200731,20200731,0.3109682093283005,0.6320226943362347,0.05700909633546477,0.4797594466393526,10418811.0,0.28114593899768064,0.6555271573171474,0.06332690368517199,0.4905192097314189,2663702.0,0.07735186107982292,0.5555555555555556,0.2248492570676798,0.7777777777777778,2787.0,864.0,1,1,3,0,0,0,1,0,0
59511,ZA2,Eastern Cape,ZA7,Gauteng,2020-07-31,2020-07-31,9,9,9,10643054.688196758,7505021.91015213,297597,518.1560457865047,734.8097311835519,551.1055555555556,551.1055555555556,1.0,20200731,20200731,0.32240858903092945,0.600977358291188,0.07661405267788246,0.47559015644122027,6510816.0,0.22703936886350948,0.7223349844212468,0.050625646715243805,0.5123439321519871,14760167.0,-0.04666754827373582,0.2222222222222222,0.6706237180439658,1.0,883.0,3698.0,1,1,3,0,0,0,1,0,0
59512,ZA2,Eastern Cape,ZA5,KwaZulu-Natal,2020-07-31,2020-08-01,5,5,5,664767.1091325108,287775.1620385681,135976,35.76303910643941,82.61342623236683,453.2533333333333,453.2533333333333,1.0,20200731,20200801,0.32240858903092945,0.600977358291188,0.07661405267788246,0.47559015644122027,6510816.0,0.3109682093283005,0.6320226943362347,0.05700909633546477,0.4797594466393526,10418811.0,-0.04666754827373582,0.2222222222222222,0.07735186107982292,0.5555555555555556,883.0,2901.0,1,1,3,0,0,0,1,0,0
59513,ZA6,North West,ZA1,Western Cape,2020-07-31,2020-07-31,4,4,4,3934563.559028211,3925458.0710691046,196831,609.7916404244687,611.2061124017318,820.1291666666667,820.1291666666667,1.0,20200731,20200731,0.2828745421867569,0.6531826641385288,0.0639427936747143,0.5169154144355026,3885864.0,0.24146430881004144,0.6902282722160927,0.06830741897386587,0.4994387746892386,6898299.0,-0.04677388157695324,0.1111111111111111,0.48495156727992644,0.8888888888888888,514.0,783.0,1,1,3,0,0,0,1,0,0
59514,ZA6,North West,ZA3,Nothern Cape,2020-07-31,2020-07-31,32,32,32,9432992.034664296,5491916.718406294,573922,106.64121371825829,183.16842209201965,298.91770833333334,298.91770833333334,1.0,20200731,20200731,0.2828745421867569,0.6531826641385288,0.0639427936747143,0.5169154144355026,3885864.0,0.2905180543789262,0.6449880916225764,0.06449385399849747,0.5008080113808923,1251220.0,-0.04677388157695324,0.1111111111111111,0.09958456723393624,0.6666666666666666,514.0,339.0,1,1,3,0,0,0,1,0,0
59515,ZA4,Free State,ZA3,Nothern Cape,2020-07-31,2020-08-01,6,6,6,889156.1744940389,214362.12737449072,110148,22.19974177620309,92.08267203842466,305.96666666666664,305.96666666666664,1.0,20200731,20200801,0.28114593899768064,0.6555271573171474,0.06332690368517199,0.4905192097314189,2663702.0,0.2905180543789262,0.6449880916225764,0.06449385399849747,0.5008080113808923,1251220.0,0.2248492570676798,0.7777777777777778,0.09958456723393624,0.6666666666666666,864.0,220.0,1,1,3,0,0,0,1,0,0
59516,ZA1,Western Cape,ZA2,Eastern Cape,2020-07-31,2020-07-31,38,35,30,83173420.45929042,21690492.32758737,781530,449.2615692602569,1722.718914441545,342.77631578947364,434.1833333333333,1.2666666666666666,20200731,20200731,0.24146430881004144,0.6902282722160927,0.06830741897386587,0.4994387746892386,6898299.0,0.32240858903092945,0.600977358291188,0.07661405267788246,0.47559015644122027,6510816.0,0.48495156727992644,0.8888888888888888,-0.04666754827373582,0.2222222222222222,783.0,883.0,1,1,3,0,0,0,1,0,0
59517,ZA9,Limpopo,ZA5,KwaZulu-Natal,2020-07-31,2020-07-31,3,3,3,3083331.860709825,2187081.0483075925,113134,452.9963861688557,638.6311981175405,628.5222222222222,628.5222222222222,1.0,20200731,20200731,0.3322212084583728,0.5982309127294063,0.06954787881222096,0.47107489302560024,5527257.0,0.3109682093283005,0.6320226943362347,0.05700909633546477,0.4797594466393526,10418811.0,-0.020299216875639643,0.3333333333333333,0.07735186107982292,0.5555555555555556,325.0,2787.0,1,1,3,0,0,0,1,0,0
59518,ZA3,Nothern Cape,ZA9,Limpopo,2020-07-31,2020-07-31,2,2,2,2552645.0823024223,1665418.6941474364,39816,517.4215997783682,793.0700590745117,331.8,331.8,1.0,20200731,20200731,0.2905180543789262,0.6449880916225764,0.06449385399849747,0.5008080113808923,1251220.0,0.3322212084583728,0.5982309127294063,0.06954787881222096,0.47107489302560024,5527257.0,0.09958456723393624,0.6666666666666666,-0.020299216875639643,0.3333333333333333,339.0,325.0,1,1,3,0,0,0,1,0,0
59519,ZA9,Limpopo,ZA6,North West,2020-07-31,2020-07-31,43,43,43,10862130.578892218,6612550.897497143,835774,95.55461941646168,156.9631401870665,323.9434108527132,323.9434108527132,1.0,20200731,20200731,0.3322212084583728,0.5982309127294063,0.06954787881222096,0.47107489302560024,5527257.0,0.2828745421867569,0.6531826641385288,0.0639427936747143,0.5169154144355026,3885864.0,-0.020299216875639643,0.3333333333333333,-0.04677388157695324,0.1111111111111111,325.0,514.0,1,1,3,0,0,0,1,0,0
59520,ZA4,Free State,ZA8,Mpumalanga,2020-07-31,2020-07-31,12,12,12,5140967.2833795175,3391090.116312507,275129,175.5938090464452,266.2040808438882,382.12361111111113,382.12361111111113,1.0,20200731,20200731,0.28114593899768064,0.6555271573171474,0.06332690368517199,0.4905192097314189,2663702.0,0.30219785415266165,0.6444398558234767,0.053362290023861565,0.4955341209781855,4547481.0,0.2248492570676798,0.7777777777777778,0.0523010419666447,0.4444444444444444,864.0,821.0,1,1,3,0,0,0,1,0,0
59521,ZA2,Eastern Cape,ZA5,KwaZulu-Natal,2020-07-31,2020-07-31,30,30,30,8334282.306061358,4284017.1609485205,443262,88.73216169545935,172.62276443199545,246.25666666666663,246.25666666666663,1.0,20200731,20200731,0.32240858903092945,0.600977358291188,0.07661405267788246,0.47559015644122027,6510816.0,0.3109682093283005,0.6320226943362347,0.05700909633546477,0.4797594466393526,10418811.0,-0.04666754827373582,0.2222222222222222,0.07735186107982292,0.5555555555555556,883.0,2787.0,1,1,3,0,0,0,1,0,0
59522,ZA3,Nothern Cape,ZA4,Free State,2020-07-31,2020-07-31,41,38,37,10730897.369739978,5662064.172076949,740769,95.08766392237156,180.21271601112977,301.1256097560976,333.67972972972973,1.108108108108108,20200731,20200731,0.2905180543789262,0.6449880916225764,0.06449385399849747,0.5008080113808923,1251220.0,0.28114593899768064,0.6555271573171474,0.06332690368517199,0.4905192097314189,2663702.0,0.09958456723393624,0.6666666666666666,0.2248492570676798,0.7777777777777778,339.0,864.0,1,1,3,0,0,0,1,0,0
59523,ZA7,Gauteng,ZA4,Free State,2020-07-31,2020-08-01,26,26,26,2046819.9679298264,948309.770132144,872859,22.663552787589328,48.91672937568223,559.525,559.525,1.0,20200731,20200801,0.22703936886350948,0.7223349844212468,0.050625646715243805,0.5123439321519871,14760167.0,0.28114593899768064,0.6555271573171474,0.06332690368517199,0.4905192097314189,2663702.0,0.6706237180439658,1.0,0.2248492570676798,0.7777777777777778,3698.0,1046.0,1,1,3,0,0,0,1,0,0
59525,ZA4,Free State,ZA1,Western Cape,2020-07-31,2020-07-31,18,18,18,21174118.785496622,14463839.66009926,657308,499.3007385514173,730.9437463510536,608.6185185185185,608.6185185185185,1.0,20200731,20200731,0.28114593899768064,0.6555271573171474,0.06332690368517199,0.4905192097314189,2663702.0,0.24146430881004144,0.6902282722160927,0.06830741897386587,0.4994387746892386,6898299.0,0.2248492570676798,0.7777777777777778,0.48495156727992644,0.8888888888888888,864.0,783.0,1,1,3,0,0,0,1,0,0
59526,ZA7,Gauteng,ZA2,Eastern Cape,2020-07-31,2020-07-31,15,15,15,18431895.06034157,12400761.229729818,469436,513.6983859978483,763.5365739225244,521.5955555555555,521.5955555555555,1.0,20200731,20200731,0.22703936886350948,0.7223349844212468,0.050625646715243805,0.5123439321519871,14760167.0,0.32240858903092945,0.600977358291188,0.07661405267788246,0.47559015644122027,6510816.0,0.6706237180439658,1.0,-0.04666754827373582,0.2222222222222222,3698.0,883.0,1,1,3,0,0,0,1,0,0
59528,ZA8,Mpumalanga,ZA2,Eastern Cape,2020-07-31,2020-07-31,1,1,1,1161287.5864221286,1161287.5864221286,40325,721.590652105534,721.590652105534,672.0833333333334,672.0833333333334,1.0,20200731,20200731,0.30219785415266165,0.6444398558234767,0.053362290023861565,0.4955341209781855,4547481.0,0.32240858903092945,0.600977358291188,0.07661405267788246,0.47559015644122027,6510816.0,0.0523010419666447,0.4444444444444444,-0.04666754827373582,0.2222222222222222,821.0,883.0,1,1,3,0,0,0,1,0,0
59529,ZA5,KwaZulu-Natal,ZA9,Limpopo,2020-07-31,2020-07-31,1,1,1,675336.3799834085,675336.3799834085,7774,419.63457159153575,419.63457159153575,129.56666666666666,129.56666666666666,1.0,20200731,20200731,0.3109682093283005,0.6320226943362347,0.05700909633546477,0.4797594466393526,10418811.0,0.3322212084583728,0.5982309127294063,0.06954787881222096,0.47107489302560024,5527257.0,0.07735186107982292,0.5555555555555556,-0.020299216875639643,0.3333333333333333,2787.0,325.0,1,1,3,0,0,0,1,0,0
59530,ZA3,Nothern Cape,ZA2,Eastern Cape,2020-07-31,2020-07-31,7,7,7,4094317.814367224,2363829.948856781,159049,209.8308333667792,363.441591673131,378.6880952380952,378.6880952380952,1.0,20200731,20200731,0.2905180543789262,0.6449880916225764,0.06449385399849747,0.5008080113808923,1251220.0,0.32240858903092945,0.600977358291188,0.07661405267788246,0.47559015644122027,6510816.0,0.09958456723393624,0.6666666666666666,-0.04666754827373582,0.2222222222222222,339.0,883.0,1,1,3,0,0,0,1,0,0
59533,ZA2,Eastern Cape,,,2020-07-31,2020-07-31,12,12,12,559200.6297391121,378749.2340957847,144888,19.61198859575624,28.955930166738337,201.2333333333333,201.2333333333333,1.0,20200731,20200731,0.32240858903092945,0.600977358291188,0.07661405267788246,0.47559015644122027,6510816.0,,,,,,-0.04666754827373582,0.2222222222222222,,,883.0,,1,1,3,0,0,0,1,0,0
59534,ZA3,Nothern Cape,ZA7,Gauteng,2020-07-31,2020-07-31,13,13,13,16299673.395560648,8133616.67975993,358192,388.7688533464533,779.0882685291288,459.22051282051285,459.22051282051285,1.0,20200731,20200731,0.2905180543789262,0.6449880916225764,0.06449385399849747,0.5008080113808923,1251220.0,0.22703936886350948,0.7223349844212468,0.050625646715243805,0.5123439321519871,14760167.0,0.09958456723393624,0.6666666666666666,0.6706237180439658,1.0,339.0,3698.0,1,1,3,0,0,0,1,0,0
59535,ZA3,Nothern Cape,ZA4,Free State,2020-07-31,2020-08-01,4,4,4,369967.539998829,167812.19885662087,71115,26.06841651887677,57.47179285454648,296.3125,296.3125,1.0,20200731,20200801,0.2905180543789262,0.6449880916225764,0.06449385399849747,0.5008080113808923,1251220.0,0.28114593899768064,0.6555271573171474,0.06332690368517199,0.4905192097314189,2663702.0,0.09958456723393624,0.6666666666666666,0.2248492570676798,0.7777777777777778,339.0,1046.0,1,1,3,0,0,0,1,0,0
59536,ZA1,Western Cape,ZA8,Mpumalanga,2020-07-31,2020-07-31,2,2,2,3072128.009914838,2970165.103509394,29211,922.7875157546782,954.4659221132454,243.425,243.425,1.0,20200731,20200731,0.24146430881004144,0.6902282722160927,0.06830741897386587,0.4994387746892386,6898299.0,0.30219785415266165,0.6444398558234767,0.053362290023861565,0.4955341209781855,4547481.0,0.48495156727992644,0.8888888888888888,0.0523010419666447,0.4444444444444444,783.0,821.0,1,1,3,0,0,0,1,0,0
59537,ZA1,Western Cape,ZA4,Free State,2020-07-31,2020-07-31,4,4,4,6074584.651767054,4279216.614940404,167415,664.7454824668318,943.642976853776,697.5625,697.5625,1.0,20200731,20200731,0.24146430881004144,0.6902282722160927,0.06830741897386587,0.4994387746892386,6898299.0,0.28114593899768064,0.6555271573171474,0.06332690368517199,0.4905192097314189,2663702.0,0.48495156727992644,0.8888888888888888,0.2248492570676798,0.7777777777777778,783.0,864.0,1,1,3,0,0,0,1,0,0
59538,ZA6,North West,ZA2,Eastern Cape,2020-07-31,2020-07-31,1,1,1,779703.9442327372,779672.0437519966,47751,484.4657473802969,484.4855694200476,795.85,795.85,1.0,20200731,20200731,0.2828745421867569,0.6531826641385288,0.0639427936747143,0.5169154144355026,3885864.0,0.32240858903092945,0.600977358291188,0.07661405267788246,0.47559015644122027,6510816.0,-0.04677388157695324,0.1111111111111111,-0.04666754827373582,0.2222222222222222,514.0,883.0,1,1,3,0,0,0,1,0,0
59539,ZA5,KwaZulu-Natal,ZA3,Nothern Cape,2020-07-31,2020-07-31,2,2,2,1977276.4502860284,1267770.0314219857,9313,393.8778879537208,614.3113126485165,77.60833333333333,77.60833333333333,1.0,20200731,20200731,0.3109682093283005,0.6320226943362347,0.05700909633546477,0.4797594466393526,10418811.0,0.2905180543789262,0.6449880916225764,0.06449385399849747,0.5008080113808923,1251220.0,0.07735186107982292,0.5555555555555556,0.09958456723393624,0.6666666666666666,2787.0,339.0,1,1,3,0,0,0,1,0,0
59540,ZA8,Mpumalanga,ZA6,North West,2020-07-31,2020-07-31,10,10,10,5497923.410378287,2249087.3434029003,277402,139.75180840161582,341.6251224336305,462.3366666666667,462.3366666666667,1.0,20200731,20200731,0.30219785415266165,0.6444398558234767,0.053362290023861565,0.4955341209781855,4547481.0,0.2828745421867569,0.6531826641385288,0.0639427936747143,0.5169154144355026,3885864.0,0.0523010419666447,0.4444444444444444,-0.04677388157695324,0.1111111111111111,821.0,514.0,1,1,3,0,0,0,1,0,0
59541,ZA2,Eastern Cape,ZA8,Mpumalanga,2020-07-31,2020-07-31,1,1,1,1242699.1625755995,1094137.4765809162,33554,679.8655082946319,772.177460241937,559.2333333333333,559.2333333333333,1.0,20200731,20200731,0.32240858903092945,0.600977358291188,0.07661405267788246,0.47559015644122027,6510816.0,0.30219785415266165,0.6444398558234767,0.053362290023861565,0.4955341209781855,4547481.0,-0.04666754827373582,0.2222222222222222,0.0523010419666447,0.4444444444444444,883.0,821.0,1,1,3,0,0,0,1,0,0
59542,ZA8,Mpumalanga,ZA4,Free State,2020-07-31,2020-08-01,2,2,2,86145.34878418784,42160.43336200061,29880,13.098639371694494,26.76411903986588,249.0,249.0,1.0,20200731,20200801,0.30219785415266165,0.6444398558234767,0.053362290023861565,0.4955341209781855,4547481.0,0.28114593899768064,0.6555271573171474,0.06332690368517199,0.4905192097314189,2663702.0,0.0523010419666447,0.4444444444444444,0.2248492570676798,0.7777777777777778,821.0,1046.0,1,1,3,0,0,0,1,0,0
59543,ZA3,Nothern Cape,ZA6,North West,2020-07-31,2020-08-01,2,2,2,126806.49115746164,63538.45697811295,58987,19.740483382705296,39.39695029697244,491.5583333333333,491.5583333333333,1.0,20200731,20200801,0.2905180543789262,0.6449880916225764,0.06449385399849747,0.5008080113808923,1251220.0,0.2828745421867569,0.6531826641385288,0.0639427936747143,0.5169154144355026,3885864.0,0.09958456723393624,0.6666666666666666,-0.04677388157695324,0.1111111111111111,339.0,389.0,1,1,3,0,0,0,1,0,0
59544,ZA8,Mpumalanga,ZA4,Free State,2020-07-31,2020-07-31,15,15,15,8597507.013828432,4618861.217139294,352969,191.3351534181751,356.1495455634276,392.1877777777778,392.1877777777778,1.0,20200731,20200731,0.30219785415266165,0.6444398558234767,0.053362290023861565,0.4955341209781855,4547481.0,0.28114593899768064,0.6555271573171474,0.06332690368517199,0.4905192097314189,2663702.0,0.0523010419666447,0.4444444444444444,0.2248492570676798,0.7777777777777778,821.0,864.0,1,1,3,0,0,0,1,0,0
59545,ZA2,Eastern Cape,ZA3,Nothern Cape,2020-07-31,2020-07-31,3,3,3,1291036.3769813618,1174386.1921571237,81596,243.2432494559116,267.4042709288923,453.31111111111113,453.31111111111113,1.0,20200731,20200731,0.32240858903092945,0.600977358291188,0.07661405267788246,0.47559015644122027,6510816.0,0.2905180543789262,0.6449880916225764,0.06449385399849747,0.5008080113808923,1251220.0,-0.04666754827373582,0.2222222222222222,0.09958456723393624,0.6666666666666666,883.0,339.0,1,1,3,0,0,0,1,0,0
59546,ZA2,Eastern Cape,ZA6,North West,2020-07-31,2020-07-31,2,2,2,1291301.027699822,1243493.6431233245,72193,386.3355637835429,401.18862955956655,601.6083333333333,601.6083333333333,1.0,20200731,20200731,0.32240858903092945,0.600977358291188,0.07661405267788246,0.47559015644122027,6510816.0,0.2828745421867569,0.6531826641385288,0.0639427936747143,0.5169154144355026,3885864.0,-0.04666754827373582,0.2222222222222222,-0.04677388157695324,0.1111111111111111,883.0,514.0,1,1,3,0,0,0,1,0,0
59547,ZA5,KwaZulu-Natal,ZA1,Western Cape,2020-07-31,2020-07-31,4,4,4,6595087.2554158745,5128840.85631277,134127,796.7284894206538,1024.499307701752,558.8625,558.8625,1.0,20200731,20200731,0.3109682093283005,0.6320226943362347,0.05700909633546477,0.4797594466393526,10418811.0,0.24146430881004144,0.6902282722160927,0.06830741897386587,0.4994387746892386,6898299.0,0.07735186107982292,0.5555555555555556,0.48495156727992644,0.8888888888888888,2787.0,783.0,1,1,3,0,0,0,1,0,0
59548,ZA9,Limpopo,ZA6,North West,2020-07-31,2020-08-01,4,4,4,373904.6909274813,167766.2913396688,90991,26.06128511674148,58.083400896185225,379.12916666666666,379.12916666666666,1.0,20200731,20200801,0.3322212084583728,0.5982309127294063,0.06954787881222096,0.47107489302560024,5527257.0,0.2828745421867569,0.6531826641385288,0.0639427936747143,0.5169154144355026,3885864.0,-0.020299216875639643,0.3333333333333333,-0.04677388157695324,0.1111111111111111,325.0,389.0,1,1,3,0,0,0,1,0,0
59549,ZA8,Mpumalanga,ZA5,KwaZulu-Natal,2020-07-31,2020-08-01,1,1,1,93286.9979732305,35194.22444491478,23740,21.868677203205017,57.96585315086799,395.6666666666667,395.6666666666667,1.0,20200731,20200801,0.30219785415266165,0.6444398558234767,0.053362290023861565,0.4955341209781855,4547481.0,0.3109682093283005,0.6320226943362347,0.05700909633546477,0.4797594466393526,10418811.0,0.0523010419666447,0.4444444444444444,0.07735186107982292,0.5555555555555556,821.0,2901.0,1,1,3,0,0,0,1,0,0
59550,ZA9,Limpopo,ZA3,Nothern Cape,2020-07-31,2020-07-31,1,1,1,1745666.6851336868,872854.4735127324,93,542.366624856297,1084.7069893905136,1.55,1.55,1.0,20200731,20200731,0.3322212084583728,0.5982309127294063,0.06954787881222096,0.47107489302560024,5527257.0,0.2905180543789262,0.6449880916225764,0.06449385399849747,0.5008080113808923,1251220.0,-0.020299216875639643,0.3333333333333333,0.09958456723393624,0.6666666666666666,325.0,339.0,1,1,3,0,0,0,1,0,0
59551,ZA5,KwaZulu-Natal,ZA8,Mpumalanga,2020-07-31,2020-08-01,2,2,2,543315.5173432098,119479.49139572258,44219,37.12055700823521,168.80030538629708,368.4916666666667,368.4916666666667,1.0,20200731,20200801,0.3109682093283005,0.6320226943362347,0.05700909633546477,0.4797594466393526,10418811.0,0.30219785415266165,0.6444398558234767,0.053362290023861565,0.4955341209781855,4547481.0,0.07735186107982292,0.5555555555555556,0.0523010419666447,0.4444444444444444,2787.0,580.0,1,1,3,0,0,0,1,0,0
59552,ZA5,KwaZulu-Natal,ZA2,Eastern Cape,2020-07-31,2020-08-01,3,3,3,315435.51475975744,193335.5929389463,128853,40.04438929546165,65.33418062675588,715.85,715.85,1.0,20200731,20200801,0.3109682093283005,0.6320226943362347,0.05700909633546477,0.4797594466393526,10418811.0,0.32240858903092945,0.600977358291188,0.07661405267788246,0.47559015644122027,6510816.0,0.07735186107982292,0.5555555555555556,-0.04666754827373582,0.2222222222222222,2787.0,844.0,1,1,3,0,0,0,1,0,0
59553,ZA2,Eastern Cape,ZA4,Free State,2020-07-31,2020-08-01,2,2,2,144259.3945875231,69865.15053586097,37027,21.70609594215437,44.81931600314262,308.55833333333334,308.55833333333334,1.0,20200731,20200801,0.32240858903092945,0.600977358291188,0.07661405267788246,0.47559015644122027,6510816.0,0.28114593899768064,0.6555271573171474,0.06332690368517199,0.4905192097314189,2663702.0,-0.04666754827373582,0.2222222222222222,0.2248492570676798,0.7777777777777778,883.0,1046.0,1,1,3,0,0,0,1,0,0
59554,ZA8,Mpumalanga,ZA3,Nothern Cape,2020-07-31,2020-07-31,2,2,2,4425289.190716387,1690335.3710362324,38631,525.16285239086,1374.873610215214,321.925,321.925,1.0,20200731,20200731,0.30219785415266165,0.6444398558234767,0.053362290023861565,0.4955341209781855,4547481.0,0.2905180543789262,0.6449880916225764,0.06449385399849747,0.5008080113808923,1251220.0,0.0523010419666447,0.4444444444444444,0.09958456723393624,0.6666666666666666,821.0,339.0,1,1,3,0,0,0,1,0,0
59555,ZA9,Limpopo,ZA7,Gauteng,2020-07-31,2020-08-01,2,2,2,294512.0301810991,131486.07784368788,30057,40.850830476171616,91.5006456609336,250.475,250.475,1.0,20200731,20200801,0.3322212084583728,0.5982309127294063,0.06954787881222096,0.47107489302560024,5527257.0,0.22703936886350948,0.7223349844212468,0.050625646715243805,0.5123439321519871,14760167.0,-0.020299216875639643,0.3333333333333333,0.6706237180439658,1.0,325.0,2847.0,1,1,3,0,0,0,1,0,0
59557,ZA9,Limpopo,ZA2,Eastern Cape,2020-07-31,2020-07-31,1,1,1,1904278.9175614708,805238.0093731299,31108,500.35170191899925,1183.264061357591,518.4666666666667,518.4666666666667,1.0,20200731,20200731,0.3322212084583728,0.5982309127294063,0.06954787881222096,0.47107489302560024,5527257.0,0.32240858903092945,0.600977358291188,0.07661405267788246,0.47559015644122027,6510816.0,-0.020299216875639643,0.3333333333333333,-0.04666754827373582,0.2222222222222222,325.0,883.0,1,1,3,0,0,0,1,0,0
59558,ZA5,KwaZulu-Natal,ZA1,Western Cape,2020-07-31,2020-08-01,1,1,1,2312858.927166512,1411636.0380266604,87093,877.1499679538125,1437.1439090502167,1451.55,1451.55,1.0,20200731,20200801,0.3109682093283005,0.6320226943362347,0.05700909633546477,0.4797594466393526,10418811.0,0.24146430881004144,0.6902282722160927,0.06830741897386587,0.4994387746892386,6898299.0,0.07735186107982292,0.5555555555555556,0.48495156727992644,0.8888888888888888,2787.0,966.0,1,1,3,0,0,0,1,0,0
